DeathEducationLevelEducationLevel,DeathCOD113ICDCode113Desc,Deaths,DeathAgeAdjustedRate11,SORT
8TH GRADE OR LESS,Salmonella infections (A01-A02),0,N/A,0
9TH THRU 12TH GRADE; NO DIPLOMA,Salmonella infections (A01-A02),0,N/A,3
HIGH SCHOOL GRADUATE OR GED,Salmonella infections (A01-A02),0,N/A,6
COLLEGE BUT NO DEGREE,Salmonella infections (A01-A02),0,N/A,9
ASSOCIATE DEGREE (E.G. AA AS),Salmonella infections (A01-A02),0,N/A,12
BACHELORS DEGREE (E.G. BA AB BS),Salmonella infections (A01-A02),0,N/A,15
MASTERS DEGREE (E.G. MA MS..),Salmonella infections (A01-A02),0,N/A,18
DOCTORATE DEGREE OR PROFESSIONAL DEGREE,Salmonella infections (A01-A02),0,N/A,21
UNKNOWN,Salmonella infections (A01-A02),0,N/A,24
Total,Salmonella infections (A01-A02),0,N/A,27
8TH GRADE OR LESS,Shigellosis and amebiasis (A03A06),0,N/A,30
9TH THRU 12TH GRADE; NO DIPLOMA,Shigellosis and amebiasis (A03A06),0,N/A,33
HIGH SCHOOL GRADUATE OR GED,Shigellosis and amebiasis (A03A06),0,N/A,36
COLLEGE BUT NO DEGREE,Shigellosis and amebiasis (A03A06),0,N/A,39
ASSOCIATE DEGREE (E.G. AA AS),Shigellosis and amebiasis (A03A06),0,N/A,42
BACHELORS DEGREE (E.G. BA AB BS),Shigellosis and amebiasis (A03A06),0,N/A,45
MASTERS DEGREE (E.G. MA MS..),Shigellosis and amebiasis (A03A06),0,N/A,48
DOCTORATE DEGREE OR PROFESSIONAL DEGREE,Shigellosis and amebiasis (A03A06),0,N/A,51
UNKNOWN,Shigellosis and amebiasis (A03A06),0,N/A,54
Total,Shigellosis and amebiasis (A03A06),0,N/A,57
8TH GRADE OR LESS,Certain other intestinal infections (A04A07-A09),0,N/A,60
9TH THRU 12TH GRADE; NO DIPLOMA,Certain other intestinal infections (A04A07-A09),0,N/A,63
HIGH SCHOOL GRADUATE OR GED,Certain other intestinal infections (A04A07-A09),0,N/A,66
COLLEGE BUT NO DEGREE,Certain other intestinal infections (A04A07-A09),0,N/A,69
ASSOCIATE DEGREE (E.G. AA AS),Certain other intestinal infections (A04A07-A09),0,N/A,72
BACHELORS DEGREE (E.G. BA AB BS),Certain other intestinal infections (A04A07-A09),0,N/A,75
MASTERS DEGREE (E.G. MA MS..),Certain other intestinal infections (A04A07-A09),0,N/A,78
DOCTORATE DEGREE OR PROFESSIONAL DEGREE,Certain other intestinal infections (A04A07-A09),0,N/A,81
UNKNOWN,Certain other intestinal infections (A04A07-A09),0,N/A,84
Total,Certain other intestinal infections (A04A07-A09),0,N/A,87
8TH GRADE OR LESS,Respiratory tuberculosis (A16),0,N/A,90
9TH THRU 12TH GRADE; NO DIPLOMA,Respiratory tuberculosis (A16),0,N/A,93
HIGH SCHOOL GRADUATE OR GED,Respiratory tuberculosis (A16),0,N/A,96
COLLEGE BUT NO DEGREE,Respiratory tuberculosis (A16),0,N/A,99
ASSOCIATE DEGREE (E.G. AA AS),Respiratory tuberculosis (A16),0,N/A,102
BACHELORS DEGREE (E.G. BA AB BS),Respiratory tuberculosis (A16),0,N/A,105
MASTERS DEGREE (E.G. MA MS..),Respiratory tuberculosis (A16),0,N/A,108
DOCTORATE DEGREE OR PROFESSIONAL DEGREE,Respiratory tuberculosis (A16),0,N/A,111
UNKNOWN,Respiratory tuberculosis (A16),0,N/A,114
Total,Respiratory tuberculosis (A16),0,N/A,117
8TH GRADE OR LESS,Other tuberculosis (A17-A19),0,N/A,120
9TH THRU 12TH GRADE; NO DIPLOMA,Other tuberculosis (A17-A19),0,N/A,123
HIGH SCHOOL GRADUATE OR GED,Other tuberculosis (A17-A19),0,N/A,126
COLLEGE BUT NO DEGREE,Other tuberculosis (A17-A19),0,N/A,129
ASSOCIATE DEGREE (E.G. AA AS),Other tuberculosis (A17-A19),0,N/A,132
BACHELORS DEGREE (E.G. BA AB BS),Other tuberculosis (A17-A19),0,N/A,135
MASTERS DEGREE (E.G. MA MS..),Other tuberculosis (A17-A19),0,N/A,138
DOCTORATE DEGREE OR PROFESSIONAL DEGREE,Other tuberculosis (A17-A19),0,N/A,141
UNKNOWN,Other tuberculosis (A17-A19),0,N/A,144
Total,Other tuberculosis (A17-A19),0,N/A,147
8TH GRADE OR LESS,Whooping cough (A37),0,N/A,150
9TH THRU 12TH GRADE; NO DIPLOMA,Whooping cough (A37),0,N/A,153
HIGH SCHOOL GRADUATE OR GED,Whooping cough (A37),0,N/A,156
COLLEGE BUT NO DEGREE,Whooping cough (A37),0,N/A,159
ASSOCIATE DEGREE (E.G. AA AS),Whooping cough (A37),0,N/A,162
BACHELORS DEGREE (E.G. BA AB BS),Whooping cough (A37),0,N/A,165
MASTERS DEGREE (E.G. MA MS..),Whooping cough (A37),0,N/A,168
DOCTORATE DEGREE OR PROFESSIONAL DEGREE,Whooping cough (A37),0,N/A,171
UNKNOWN,Whooping cough (A37),0,N/A,174
Total,Whooping cough (A37),0,N/A,177
8TH GRADE OR LESS,Scarlet fever and erysipelas (A38A46),0,N/A,180
9TH THRU 12TH GRADE; NO DIPLOMA,Scarlet fever and erysipelas (A38A46),0,N/A,183
HIGH SCHOOL GRADUATE OR GED,Scarlet fever and erysipelas (A38A46),0,N/A,186
COLLEGE BUT NO DEGREE,Scarlet fever and erysipelas (A38A46),0,N/A,189
ASSOCIATE DEGREE (E.G. AA AS),Scarlet fever and erysipelas (A38A46),0,N/A,192
BACHELORS DEGREE (E.G. BA AB BS),Scarlet fever and erysipelas (A38A46),0,N/A,195
MASTERS DEGREE (E.G. MA MS..),Scarlet fever and erysipelas (A38A46),0,N/A,198
DOCTORATE DEGREE OR PROFESSIONAL DEGREE,Scarlet fever and erysipelas (A38A46),0,N/A,201
UNKNOWN,Scarlet fever and erysipelas (A38A46),0,N/A,204
Total,Scarlet fever and erysipelas (A38A46),0,N/A,207
8TH GRADE OR LESS,Meningococcal infection (A39),0,N/A,210
9TH THRU 12TH GRADE; NO DIPLOMA,Meningococcal infection (A39),0,N/A,213
HIGH SCHOOL GRADUATE OR GED,Meningococcal infection (A39),0,N/A,216
COLLEGE BUT NO DEGREE,Meningococcal infection (A39),0,N/A,219
ASSOCIATE DEGREE (E.G. AA AS),Meningococcal infection (A39),0,N/A,222
BACHELORS DEGREE (E.G. BA AB BS),Meningococcal infection (A39),0,N/A,225
MASTERS DEGREE (E.G. MA MS..),Meningococcal infection (A39),0,N/A,228
DOCTORATE DEGREE OR PROFESSIONAL DEGREE,Meningococcal infection (A39),0,N/A,231
UNKNOWN,Meningococcal infection (A39),0,N/A,234
Total,Meningococcal infection (A39),0,N/A,237
8TH GRADE OR LESS,Septicemia (A40-A41),0,N/A,240
9TH THRU 12TH GRADE; NO DIPLOMA,Septicemia (A40-A41),2,N/A,243
HIGH SCHOOL GRADUATE OR GED,Septicemia (A40-A41),3,N/A,246
COLLEGE BUT NO DEGREE,Septicemia (A40-A41),0,N/A,249
ASSOCIATE DEGREE (E.G. AA AS),Septicemia (A40-A41),0,N/A,252
BACHELORS DEGREE (E.G. BA AB BS),Septicemia (A40-A41),2,N/A,255
MASTERS DEGREE (E.G. MA MS..),Septicemia (A40-A41),1,N/A,258
DOCTORATE DEGREE OR PROFESSIONAL DEGREE,Septicemia (A40-A41),0,N/A,261
UNKNOWN,Septicemia (A40-A41),0,N/A,264
Total,Septicemia (A40-A41),8,N/A,267
8TH GRADE OR LESS,Syphilis ((A50-A53),0,N/A,270
9TH THRU 12TH GRADE; NO DIPLOMA,Syphilis ((A50-A53),0,N/A,273
HIGH SCHOOL GRADUATE OR GED,Syphilis ((A50-A53),0,N/A,276
COLLEGE BUT NO DEGREE,Syphilis ((A50-A53),0,N/A,279
ASSOCIATE DEGREE (E.G. AA AS),Syphilis ((A50-A53),0,N/A,282
BACHELORS DEGREE (E.G. BA AB BS),Syphilis ((A50-A53),0,N/A,285
MASTERS DEGREE (E.G. MA MS..),Syphilis ((A50-A53),0,N/A,288
DOCTORATE DEGREE OR PROFESSIONAL DEGREE,Syphilis ((A50-A53),0,N/A,291
UNKNOWN,Syphilis ((A50-A53),0,N/A,294
Total,Syphilis ((A50-A53),0,N/A,297
8TH GRADE OR LESS,Acute poliomyelitis (A80),0,N/A,300
9TH THRU 12TH GRADE; NO DIPLOMA,Acute poliomyelitis (A80),0,N/A,303
HIGH SCHOOL GRADUATE OR GED,Acute poliomyelitis (A80),0,N/A,306
COLLEGE BUT NO DEGREE,Acute poliomyelitis (A80),0,N/A,309
ASSOCIATE DEGREE (E.G. AA AS),Acute poliomyelitis (A80),0,N/A,312
BACHELORS DEGREE (E.G. BA AB BS),Acute poliomyelitis (A80),0,N/A,315
MASTERS DEGREE (E.G. MA MS..),Acute poliomyelitis (A80),0,N/A,318
DOCTORATE DEGREE OR PROFESSIONAL DEGREE,Acute poliomyelitis (A80),0,N/A,321
UNKNOWN,Acute poliomyelitis (A80),0,N/A,324
Total,Acute poliomyelitis (A80),0,N/A,327
8TH GRADE OR LESS,Arthropod-borne viral encephalitis (A83-A84A85.2),0,N/A,330
9TH THRU 12TH GRADE; NO DIPLOMA,Arthropod-borne viral encephalitis (A83-A84A85.2),0,N/A,333
HIGH SCHOOL GRADUATE OR GED,Arthropod-borne viral encephalitis (A83-A84A85.2),0,N/A,336
COLLEGE BUT NO DEGREE,Arthropod-borne viral encephalitis (A83-A84A85.2),0,N/A,339
ASSOCIATE DEGREE (E.G. AA AS),Arthropod-borne viral encephalitis (A83-A84A85.2),0,N/A,342
BACHELORS DEGREE (E.G. BA AB BS),Arthropod-borne viral encephalitis (A83-A84A85.2),0,N/A,345
MASTERS DEGREE (E.G. MA MS..),Arthropod-borne viral encephalitis (A83-A84A85.2),0,N/A,348
DOCTORATE DEGREE OR PROFESSIONAL DEGREE,Arthropod-borne viral encephalitis (A83-A84A85.2),0,N/A,351
UNKNOWN,Arthropod-borne viral encephalitis (A83-A84A85.2),0,N/A,354
Total,Arthropod-borne viral encephalitis (A83-A84A85.2),0,N/A,357
8TH GRADE OR LESS,Viral hepatitis (B15-B19),0,N/A,360
9TH THRU 12TH GRADE; NO DIPLOMA,Viral hepatitis (B15-B19),0,N/A,363
HIGH SCHOOL GRADUATE OR GED,Viral hepatitis (B15-B19),0,N/A,366
COLLEGE BUT NO DEGREE,Viral hepatitis (B15-B19),0,N/A,369
ASSOCIATE DEGREE (E.G. AA AS),Viral hepatitis (B15-B19),0,N/A,372
BACHELORS DEGREE (E.G. BA AB BS),Viral hepatitis (B15-B19),0,N/A,375
MASTERS DEGREE (E.G. MA MS..),Viral hepatitis (B15-B19),0,N/A,378
DOCTORATE DEGREE OR PROFESSIONAL DEGREE,Viral hepatitis (B15-B19),0,N/A,381
UNKNOWN,Viral hepatitis (B15-B19),0,N/A,384
Total,Viral hepatitis (B15-B19),0,N/A,387
8TH GRADE OR LESS,Human immunodeficiency virus (HIV) disease (B20-B24),0,N/A,390
9TH THRU 12TH GRADE; NO DIPLOMA,Human immunodeficiency virus (HIV) disease (B20-B24),0,N/A,393
HIGH SCHOOL GRADUATE OR GED,Human immunodeficiency virus (HIV) disease (B20-B24),0,N/A,396
COLLEGE BUT NO DEGREE,Human immunodeficiency virus (HIV) disease (B20-B24),0,N/A,399
ASSOCIATE DEGREE (E.G. AA AS),Human immunodeficiency virus (HIV) disease (B20-B24),0,N/A,402
BACHELORS DEGREE (E.G. BA AB BS),Human immunodeficiency virus (HIV) disease (B20-B24),0,N/A,405
MASTERS DEGREE (E.G. MA MS..),Human immunodeficiency virus (HIV) disease (B20-B24),0,N/A,408
DOCTORATE DEGREE OR PROFESSIONAL DEGREE,Human immunodeficiency virus (HIV) disease (B20-B24),0,N/A,411
UNKNOWN,Human immunodeficiency virus (HIV) disease (B20-B24),0,N/A,414
Total,Human immunodeficiency virus (HIV) disease (B20-B24),0,N/A,417
8TH GRADE OR LESS,Malaria (B50-B54),0,N/A,420
9TH THRU 12TH GRADE; NO DIPLOMA,Malaria (B50-B54),0,N/A,423
HIGH SCHOOL GRADUATE OR GED,Malaria (B50-B54),0,N/A,426
COLLEGE BUT NO DEGREE,Malaria (B50-B54),0,N/A,429
ASSOCIATE DEGREE (E.G. AA AS),Malaria (B50-B54),0,N/A,432
BACHELORS DEGREE (E.G. BA AB BS),Malaria (B50-B54),0,N/A,435
MASTERS DEGREE (E.G. MA MS..),Malaria (B50-B54),0,N/A,438
DOCTORATE DEGREE OR PROFESSIONAL DEGREE,Malaria (B50-B54),0,N/A,441
UNKNOWN,Malaria (B50-B54),0,N/A,444
Total,Malaria (B50-B54),0,N/A,447
8TH GRADE OR LESS,Other and unspecified infectious and parasitic diseases and their sequelae (A00A05A20-A36A42-A44A48-A49A54-A79A81-A82A85.0-A85.1A85.8A86-B04B06-B09B25-B49B55-B99),0,N/A,450
9TH THRU 12TH GRADE; NO DIPLOMA,Other and unspecified infectious and parasitic diseases and their sequelae (A00A05A20-A36A42-A44A48-A49A54-A79A81-A82A85.0-A85.1A85.8A86-B04B06-B09B25-B49B55-B99),0,N/A,453
HIGH SCHOOL GRADUATE OR GED,Other and unspecified infectious and parasitic diseases and their sequelae (A00A05A20-A36A42-A44A48-A49A54-A79A81-A82A85.0-A85.1A85.8A86-B04B06-B09B25-B49B55-B99),0,N/A,456
COLLEGE BUT NO DEGREE,Other and unspecified infectious and parasitic diseases and their sequelae (A00A05A20-A36A42-A44A48-A49A54-A79A81-A82A85.0-A85.1A85.8A86-B04B06-B09B25-B49B55-B99),0,N/A,459
ASSOCIATE DEGREE (E.G. AA AS),Other and unspecified infectious and parasitic diseases and their sequelae (A00A05A20-A36A42-A44A48-A49A54-A79A81-A82A85.0-A85.1A85.8A86-B04B06-B09B25-B49B55-B99),0,N/A,462
BACHELORS DEGREE (E.G. BA AB BS),Other and unspecified infectious and parasitic diseases and their sequelae (A00A05A20-A36A42-A44A48-A49A54-A79A81-A82A85.0-A85.1A85.8A86-B04B06-B09B25-B49B55-B99),0,N/A,465
MASTERS DEGREE (E.G. MA MS..),Other and unspecified infectious and parasitic diseases and their sequelae (A00A05A20-A36A42-A44A48-A49A54-A79A81-A82A85.0-A85.1A85.8A86-B04B06-B09B25-B49B55-B99),0,N/A,468
DOCTORATE DEGREE OR PROFESSIONAL DEGREE,Other and unspecified infectious and parasitic diseases and their sequelae (A00A05A20-A36A42-A44A48-A49A54-A79A81-A82A85.0-A85.1A85.8A86-B04B06-B09B25-B49B55-B99),0,N/A,471
UNKNOWN,Other and unspecified infectious and parasitic diseases and their sequelae (A00A05A20-A36A42-A44A48-A49A54-A79A81-A82A85.0-A85.1A85.8A86-B04B06-B09B25-B49B55-B99),0,N/A,474
Total,Other and unspecified infectious and parasitic diseases and their sequelae (A00A05A20-A36A42-A44A48-A49A54-A79A81-A82A85.0-A85.1A85.8A86-B04B06-B09B25-B49B55-B99),0,N/A,477
8TH GRADE OR LESS,Malignant neoplasms of lip oral cavity and pharynx (C00-C14),0,N/A,480
9TH THRU 12TH GRADE; NO DIPLOMA,Malignant neoplasms of lip oral cavity and pharynx (C00-C14),0,N/A,483
HIGH SCHOOL GRADUATE OR GED,Malignant neoplasms of lip oral cavity and pharynx (C00-C14),1,N/A,486
COLLEGE BUT NO DEGREE,Malignant neoplasms of lip oral cavity and pharynx (C00-C14),0,N/A,489
ASSOCIATE DEGREE (E.G. AA AS),Malignant neoplasms of lip oral cavity and pharynx (C00-C14),0,N/A,492
BACHELORS DEGREE (E.G. BA AB BS),Malignant neoplasms of lip oral cavity and pharynx (C00-C14),1,N/A,495
MASTERS DEGREE (E.G. MA MS..),Malignant neoplasms of lip oral cavity and pharynx (C00-C14),0,N/A,498
DOCTORATE DEGREE OR PROFESSIONAL DEGREE,Malignant neoplasms of lip oral cavity and pharynx (C00-C14),0,N/A,501
UNKNOWN,Malignant neoplasms of lip oral cavity and pharynx (C00-C14),0,N/A,504
Total,Malignant neoplasms of lip oral cavity and pharynx (C00-C14),2,N/A,507
8TH GRADE OR LESS,Malignant neoplasm of esophagus (C15),0,N/A,510
9TH THRU 12TH GRADE; NO DIPLOMA,Malignant neoplasm of esophagus (C15),0,N/A,513
HIGH SCHOOL GRADUATE OR GED,Malignant neoplasm of esophagus (C15),3,N/A,516
COLLEGE BUT NO DEGREE,Malignant neoplasm of esophagus (C15),0,N/A,519
ASSOCIATE DEGREE (E.G. AA AS),Malignant neoplasm of esophagus (C15),0,N/A,522
BACHELORS DEGREE (E.G. BA AB BS),Malignant neoplasm of esophagus (C15),0,N/A,525
MASTERS DEGREE (E.G. MA MS..),Malignant neoplasm of esophagus (C15),0,N/A,528
DOCTORATE DEGREE OR PROFESSIONAL DEGREE,Malignant neoplasm of esophagus (C15),0,N/A,531
UNKNOWN,Malignant neoplasm of esophagus (C15),0,N/A,534
Total,Malignant neoplasm of esophagus (C15),3,N/A,537
8TH GRADE OR LESS,Malignant neoplasm of stomach (C16),0,N/A,540
9TH THRU 12TH GRADE; NO DIPLOMA,Malignant neoplasm of stomach (C16),1,N/A,543
HIGH SCHOOL GRADUATE OR GED,Malignant neoplasm of stomach (C16),1,N/A,546
COLLEGE BUT NO DEGREE,Malignant neoplasm of stomach (C16),0,N/A,549
ASSOCIATE DEGREE (E.G. AA AS),Malignant neoplasm of stomach (C16),0,N/A,552
BACHELORS DEGREE (E.G. BA AB BS),Malignant neoplasm of stomach (C16),0,N/A,555
MASTERS DEGREE (E.G. MA MS..),Malignant neoplasm of stomach (C16),0,N/A,558
DOCTORATE DEGREE OR PROFESSIONAL DEGREE,Malignant neoplasm of stomach (C16),0,N/A,561
UNKNOWN,Malignant neoplasm of stomach (C16),0,N/A,564
Total,Malignant neoplasm of stomach (C16),2,N/A,567
8TH GRADE OR LESS,Malignant neoplasms of colon rectum and anus (C18-C21),0,N/A,570
9TH THRU 12TH GRADE; NO DIPLOMA,Malignant neoplasms of colon rectum and anus (C18-C21),2,N/A,573
HIGH SCHOOL GRADUATE OR GED,Malignant neoplasms of colon rectum and anus (C18-C21),8,N/A,576
COLLEGE BUT NO DEGREE,Malignant neoplasms of colon rectum and anus (C18-C21),3,N/A,579
ASSOCIATE DEGREE (E.G. AA AS),Malignant neoplasms of colon rectum and anus (C18-C21),0,N/A,582
BACHELORS DEGREE (E.G. BA AB BS),Malignant neoplasms of colon rectum and anus (C18-C21),4,N/A,585
MASTERS DEGREE (E.G. MA MS..),Malignant neoplasms of colon rectum and anus (C18-C21),2,N/A,588
DOCTORATE DEGREE OR PROFESSIONAL DEGREE,Malignant neoplasms of colon rectum and anus (C18-C21),0,N/A,591
UNKNOWN,Malignant neoplasms of colon rectum and anus (C18-C21),0,N/A,594
Total,Malignant neoplasms of colon rectum and anus (C18-C21),19,0.1,597
8TH GRADE OR LESS,Malignant neoplasms of liver and intrahepatic bile ducts (C22),0,N/A,600
9TH THRU 12TH GRADE; NO DIPLOMA,Malignant neoplasms of liver and intrahepatic bile ducts (C22),0,N/A,603
HIGH SCHOOL GRADUATE OR GED,Malignant neoplasms of liver and intrahepatic bile ducts (C22),0,N/A,606
COLLEGE BUT NO DEGREE,Malignant neoplasms of liver and intrahepatic bile ducts (C22),0,N/A,609
ASSOCIATE DEGREE (E.G. AA AS),Malignant neoplasms of liver and intrahepatic bile ducts (C22),0,N/A,612
BACHELORS DEGREE (E.G. BA AB BS),Malignant neoplasms of liver and intrahepatic bile ducts (C22),1,N/A,615
MASTERS DEGREE (E.G. MA MS..),Malignant neoplasms of liver and intrahepatic bile ducts (C22),0,N/A,618
DOCTORATE DEGREE OR PROFESSIONAL DEGREE,Malignant neoplasms of liver and intrahepatic bile ducts (C22),0,N/A,621
UNKNOWN,Malignant neoplasms of liver and intrahepatic bile ducts (C22),0,N/A,624
Total,Malignant neoplasms of liver and intrahepatic bile ducts (C22),1,N/A,627
8TH GRADE OR LESS,Malignant neoplasm of pancreas (C25),0,N/A,630
9TH THRU 12TH GRADE; NO DIPLOMA,Malignant neoplasm of pancreas (C25),1,N/A,633
HIGH SCHOOL GRADUATE OR GED,Malignant neoplasm of pancreas (C25),5,N/A,636
COLLEGE BUT NO DEGREE,Malignant neoplasm of pancreas (C25),1,N/A,639
ASSOCIATE DEGREE (E.G. AA AS),Malignant neoplasm of pancreas (C25),0,N/A,642
BACHELORS DEGREE (E.G. BA AB BS),Malignant neoplasm of pancreas (C25),1,N/A,645
MASTERS DEGREE (E.G. MA MS..),Malignant neoplasm of pancreas (C25),0,N/A,648
DOCTORATE DEGREE OR PROFESSIONAL DEGREE,Malignant neoplasm of pancreas (C25),1,N/A,651
UNKNOWN,Malignant neoplasm of pancreas (C25),0,N/A,654
Total,Malignant neoplasm of pancreas (C25),9,N/A,657
8TH GRADE OR LESS,Malignant neoplasm of larynx (C32),0,N/A,660
9TH THRU 12TH GRADE; NO DIPLOMA,Malignant neoplasm of larynx (C32),0,N/A,663
HIGH SCHOOL GRADUATE OR GED,Malignant neoplasm of larynx (C32),1,N/A,666
COLLEGE BUT NO DEGREE,Malignant neoplasm of larynx (C32),0,N/A,669
ASSOCIATE DEGREE (E.G. AA AS),Malignant neoplasm of larynx (C32),0,N/A,672
BACHELORS DEGREE (E.G. BA AB BS),Malignant neoplasm of larynx (C32),0,N/A,675
MASTERS DEGREE (E.G. MA MS..),Malignant neoplasm of larynx (C32),0,N/A,678
DOCTORATE DEGREE OR PROFESSIONAL DEGREE,Malignant neoplasm of larynx (C32),0,N/A,681
UNKNOWN,Malignant neoplasm of larynx (C32),0,N/A,684
Total,Malignant neoplasm of larynx (C32),1,N/A,687
8TH GRADE OR LESS,Malignant neoplasms of trachea bronchus and lung (C33-C34),1,N/A,690
9TH THRU 12TH GRADE; NO DIPLOMA,Malignant neoplasms of trachea bronchus and lung (C33-C34),3,N/A,693
HIGH SCHOOL GRADUATE OR GED,Malignant neoplasms of trachea bronchus and lung (C33-C34),15,0.1,696
COLLEGE BUT NO DEGREE,Malignant neoplasms of trachea bronchus and lung (C33-C34),3,N/A,699
ASSOCIATE DEGREE (E.G. AA AS),Malignant neoplasms of trachea bronchus and lung (C33-C34),0,N/A,702
BACHELORS DEGREE (E.G. BA AB BS),Malignant neoplasms of trachea bronchus and lung (C33-C34),4,N/A,705
MASTERS DEGREE (E.G. MA MS..),Malignant neoplasms of trachea bronchus and lung (C33-C34),1,N/A,708
DOCTORATE DEGREE OR PROFESSIONAL DEGREE,Malignant neoplasms of trachea bronchus and lung (C33-C34),0,N/A,711
UNKNOWN,Malignant neoplasms of trachea bronchus and lung (C33-C34),0,N/A,714
Total,Malignant neoplasms of trachea bronchus and lung (C33-C34),27,0.2,717
8TH GRADE OR LESS,Malignant melanoma of skin (C43),0,N/A,720
9TH THRU 12TH GRADE; NO DIPLOMA,Malignant melanoma of skin (C43),0,N/A,723
HIGH SCHOOL GRADUATE OR GED,Malignant melanoma of skin (C43),3,N/A,726
COLLEGE BUT NO DEGREE,Malignant melanoma of skin (C43),0,N/A,729
ASSOCIATE DEGREE (E.G. AA AS),Malignant melanoma of skin (C43),0,N/A,732
BACHELORS DEGREE (E.G. BA AB BS),Malignant melanoma of skin (C43),1,N/A,735
MASTERS DEGREE (E.G. MA MS..),Malignant melanoma of skin (C43),0,N/A,738
DOCTORATE DEGREE OR PROFESSIONAL DEGREE,Malignant melanoma of skin (C43),0,N/A,741
UNKNOWN,Malignant melanoma of skin (C43),0,N/A,744
Total,Malignant melanoma of skin (C43),4,N/A,747
8TH GRADE OR LESS,Malignant neoplasm of breast (C50),0,N/A,750
9TH THRU 12TH GRADE; NO DIPLOMA,Malignant neoplasm of breast (C50),2,N/A,753
HIGH SCHOOL GRADUATE OR GED,Malignant neoplasm of breast (C50),5,N/A,756
COLLEGE BUT NO DEGREE,Malignant neoplasm of breast (C50),1,N/A,759
ASSOCIATE DEGREE (E.G. AA AS),Malignant neoplasm of breast (C50),2,N/A,762
BACHELORS DEGREE (E.G. BA AB BS),Malignant neoplasm of breast (C50),0,N/A,765
MASTERS DEGREE (E.G. MA MS..),Malignant neoplasm of breast (C50),1,N/A,768
DOCTORATE DEGREE OR PROFESSIONAL DEGREE,Malignant neoplasm of breast (C50),0,N/A,771
UNKNOWN,Malignant neoplasm of breast (C50),0,N/A,774
Total,Malignant neoplasm of breast (C50),11,0.1,777
8TH GRADE OR LESS,Malignant neoplasm of cervix uteri (C53),0,N/A,780
9TH THRU 12TH GRADE; NO DIPLOMA,Malignant neoplasm of cervix uteri (C53),0,N/A,783
HIGH SCHOOL GRADUATE OR GED,Malignant neoplasm of cervix uteri (C53),0,N/A,786
COLLEGE BUT NO DEGREE,Malignant neoplasm of cervix uteri (C53),0,N/A,789
ASSOCIATE DEGREE (E.G. AA AS),Malignant neoplasm of cervix uteri (C53),0,N/A,792
BACHELORS DEGREE (E.G. BA AB BS),Malignant neoplasm of cervix uteri (C53),1,N/A,795
MASTERS DEGREE (E.G. MA MS..),Malignant neoplasm of cervix uteri (C53),0,N/A,798
DOCTORATE DEGREE OR PROFESSIONAL DEGREE,Malignant neoplasm of cervix uteri (C53),0,N/A,801
UNKNOWN,Malignant neoplasm of cervix uteri (C53),0,N/A,804
Total,Malignant neoplasm of cervix uteri (C53),1,N/A,807
8TH GRADE OR LESS,Malignant neoplasms of corpus uteri and uterus part unspecified (C54-C55),0,N/A,810
9TH THRU 12TH GRADE; NO DIPLOMA,Malignant neoplasms of corpus uteri and uterus part unspecified (C54-C55),0,N/A,813
HIGH SCHOOL GRADUATE OR GED,Malignant neoplasms of corpus uteri and uterus part unspecified (C54-C55),2,N/A,816
COLLEGE BUT NO DEGREE,Malignant neoplasms of corpus uteri and uterus part unspecified (C54-C55),0,N/A,819
ASSOCIATE DEGREE (E.G. AA AS),Malignant neoplasms of corpus uteri and uterus part unspecified (C54-C55),1,N/A,822
BACHELORS DEGREE (E.G. BA AB BS),Malignant neoplasms of corpus uteri and uterus part unspecified (C54-C55),0,N/A,825
MASTERS DEGREE (E.G. MA MS..),Malignant neoplasms of corpus uteri and uterus part unspecified (C54-C55),0,N/A,828
DOCTORATE DEGREE OR PROFESSIONAL DEGREE,Malignant neoplasms of corpus uteri and uterus part unspecified (C54-C55),0,N/A,831
UNKNOWN,Malignant neoplasms of corpus uteri and uterus part unspecified (C54-C55),0,N/A,834
Total,Malignant neoplasms of corpus uteri and uterus part unspecified (C54-C55),3,N/A,837
8TH GRADE OR LESS,Malignant neoplasm of ovary (C56),0,N/A,840
9TH THRU 12TH GRADE; NO DIPLOMA,Malignant neoplasm of ovary (C56),0,N/A,843
HIGH SCHOOL GRADUATE OR GED,Malignant neoplasm of ovary (C56),1,N/A,846
COLLEGE BUT NO DEGREE,Malignant neoplasm of ovary (C56),0,N/A,849
ASSOCIATE DEGREE (E.G. AA AS),Malignant neoplasm of ovary (C56),0,N/A,852
BACHELORS DEGREE (E.G. BA AB BS),Malignant neoplasm of ovary (C56),0,N/A,855
MASTERS DEGREE (E.G. MA MS..),Malignant neoplasm of ovary (C56),2,N/A,858
DOCTORATE DEGREE OR PROFESSIONAL DEGREE,Malignant neoplasm of ovary (C56),0,N/A,861
UNKNOWN,Malignant neoplasm of ovary (C56),0,N/A,864
Total,Malignant neoplasm of ovary (C56),3,N/A,867
8TH GRADE OR LESS,Malignant neoplasm of prostate (C61),0,N/A,870
9TH THRU 12TH GRADE; NO DIPLOMA,Malignant neoplasm of prostate (C61),1,N/A,873
HIGH SCHOOL GRADUATE OR GED,Malignant neoplasm of prostate (C61),2,N/A,876
COLLEGE BUT NO DEGREE,Malignant neoplasm of prostate (C61),1,N/A,879
ASSOCIATE DEGREE (E.G. AA AS),Malignant neoplasm of prostate (C61),1,N/A,882
BACHELORS DEGREE (E.G. BA AB BS),Malignant neoplasm of prostate (C61),0,N/A,885
MASTERS DEGREE (E.G. MA MS..),Malignant neoplasm of prostate (C61),1,N/A,888
DOCTORATE DEGREE OR PROFESSIONAL DEGREE,Malignant neoplasm of prostate (C61),0,N/A,891
UNKNOWN,Malignant neoplasm of prostate (C61),0,N/A,894
Total,Malignant neoplasm of prostate (C61),6,N/A,897
8TH GRADE OR LESS,Malignant neoplasms of kidney and renal pelvis (C64-C65),0,N/A,900
9TH THRU 12TH GRADE; NO DIPLOMA,Malignant neoplasms of kidney and renal pelvis (C64-C65),0,N/A,903
HIGH SCHOOL GRADUATE OR GED,Malignant neoplasms of kidney and renal pelvis (C64-C65),1,N/A,906
COLLEGE BUT NO DEGREE,Malignant neoplasms of kidney and renal pelvis (C64-C65),0,N/A,909
ASSOCIATE DEGREE (E.G. AA AS),Malignant neoplasms of kidney and renal pelvis (C64-C65),0,N/A,912
BACHELORS DEGREE (E.G. BA AB BS),Malignant neoplasms of kidney and renal pelvis (C64-C65),2,N/A,915
MASTERS DEGREE (E.G. MA MS..),Malignant neoplasms of kidney and renal pelvis (C64-C65),1,N/A,918
DOCTORATE DEGREE OR PROFESSIONAL DEGREE,Malignant neoplasms of kidney and renal pelvis (C64-C65),0,N/A,921
UNKNOWN,Malignant neoplasms of kidney and renal pelvis (C64-C65),0,N/A,924
Total,Malignant neoplasms of kidney and renal pelvis (C64-C65),4,N/A,927
8TH GRADE OR LESS,Malignant neoplasm of bladder (C67),0,N/A,930
9TH THRU 12TH GRADE; NO DIPLOMA,Malignant neoplasm of bladder (C67),0,N/A,933
HIGH SCHOOL GRADUATE OR GED,Malignant neoplasm of bladder (C67),0,N/A,936
COLLEGE BUT NO DEGREE,Malignant neoplasm of bladder (C67),0,N/A,939
ASSOCIATE DEGREE (E.G. AA AS),Malignant neoplasm of bladder (C67),0,N/A,942
BACHELORS DEGREE (E.G. BA AB BS),Malignant neoplasm of bladder (C67),0,N/A,945
MASTERS DEGREE (E.G. MA MS..),Malignant neoplasm of bladder (C67),0,N/A,948
DOCTORATE DEGREE OR PROFESSIONAL DEGREE,Malignant neoplasm of bladder (C67),0,N/A,951
UNKNOWN,Malignant neoplasm of bladder (C67),0,N/A,954
Total,Malignant neoplasm of bladder (C67),0,N/A,957
8TH GRADE OR LESS,Malignant neoplasms of meninges brain and other parts of central nervous system (C70-C72),0,N/A,960
9TH THRU 12TH GRADE; NO DIPLOMA,Malignant neoplasms of meninges brain and other parts of central nervous system (C70-C72),1,N/A,963
HIGH SCHOOL GRADUATE OR GED,Malignant neoplasms of meninges brain and other parts of central nervous system (C70-C72),0,N/A,966
COLLEGE BUT NO DEGREE,Malignant neoplasms of meninges brain and other parts of central nervous system (C70-C72),2,N/A,969
ASSOCIATE DEGREE (E.G. AA AS),Malignant neoplasms of meninges brain and other parts of central nervous system (C70-C72),1,N/A,972
BACHELORS DEGREE (E.G. BA AB BS),Malignant neoplasms of meninges brain and other parts of central nervous system (C70-C72),0,N/A,975
MASTERS DEGREE (E.G. MA MS..),Malignant neoplasms of meninges brain and other parts of central nervous system (C70-C72),1,N/A,978
DOCTORATE DEGREE OR PROFESSIONAL DEGREE,Malignant neoplasms of meninges brain and other parts of central nervous system (C70-C72),0,N/A,981
UNKNOWN,Malignant neoplasms of meninges brain and other parts of central nervous system (C70-C72),0,N/A,984
Total,Malignant neoplasms of meninges brain and other parts of central nervous system (C70-C72),5,N/A,987
8TH GRADE OR LESS,Hodgkin's disease (C81),0,N/A,990
9TH THRU 12TH GRADE; NO DIPLOMA,Hodgkin's disease (C81),0,N/A,993
HIGH SCHOOL GRADUATE OR GED,Hodgkin's disease (C81),0,N/A,996
COLLEGE BUT NO DEGREE,Hodgkin's disease (C81),0,N/A,999
ASSOCIATE DEGREE (E.G. AA AS),Hodgkin's disease (C81),0,N/A,1002
BACHELORS DEGREE (E.G. BA AB BS),Hodgkin's disease (C81),0,N/A,1005
MASTERS DEGREE (E.G. MA MS..),Hodgkin's disease (C81),0,N/A,1008
DOCTORATE DEGREE OR PROFESSIONAL DEGREE,Hodgkin's disease (C81),0,N/A,1011
UNKNOWN,Hodgkin's disease (C81),0,N/A,1014
Total,Hodgkin's disease (C81),0,N/A,1017
8TH GRADE OR LESS,Non-Hodgkin's lymphoma (C82-C85),0,N/A,1020
9TH THRU 12TH GRADE; NO DIPLOMA,Non-Hodgkin's lymphoma (C82-C85),0,N/A,1023
HIGH SCHOOL GRADUATE OR GED,Non-Hodgkin's lymphoma (C82-C85),2,N/A,1026
COLLEGE BUT NO DEGREE,Non-Hodgkin's lymphoma (C82-C85),0,N/A,1029
ASSOCIATE DEGREE (E.G. AA AS),Non-Hodgkin's lymphoma (C82-C85),1,N/A,1032
BACHELORS DEGREE (E.G. BA AB BS),Non-Hodgkin's lymphoma (C82-C85),0,N/A,1035
MASTERS DEGREE (E.G. MA MS..),Non-Hodgkin's lymphoma (C82-C85),0,N/A,1038
DOCTORATE DEGREE OR PROFESSIONAL DEGREE,Non-Hodgkin's lymphoma (C82-C85),0,N/A,1041
UNKNOWN,Non-Hodgkin's lymphoma (C82-C85),1,N/A,1044
Total,Non-Hodgkin's lymphoma (C82-C85),4,N/A,1047
8TH GRADE OR LESS,Leukemia (C91-C95),0,N/A,1050
9TH THRU 12TH GRADE; NO DIPLOMA,Leukemia (C91-C95),1,N/A,1053
HIGH SCHOOL GRADUATE OR GED,Leukemia (C91-C95),2,N/A,1056
COLLEGE BUT NO DEGREE,Leukemia (C91-C95),1,N/A,1059
ASSOCIATE DEGREE (E.G. AA AS),Leukemia (C91-C95),0,N/A,1062
BACHELORS DEGREE (E.G. BA AB BS),Leukemia (C91-C95),0,N/A,1065
MASTERS DEGREE (E.G. MA MS..),Leukemia (C91-C95),0,N/A,1068
DOCTORATE DEGREE OR PROFESSIONAL DEGREE,Leukemia (C91-C95),0,N/A,1071
UNKNOWN,Leukemia (C91-C95),0,N/A,1074
Total,Leukemia (C91-C95),4,N/A,1077
8TH GRADE OR LESS,Multiple myeloma and immunoproliferative neoplasms (C88C90),0,N/A,1080
9TH THRU 12TH GRADE; NO DIPLOMA,Multiple myeloma and immunoproliferative neoplasms (C88C90),0,N/A,1083
HIGH SCHOOL GRADUATE OR GED,Multiple myeloma and immunoproliferative neoplasms (C88C90),2,N/A,1086
COLLEGE BUT NO DEGREE,Multiple myeloma and immunoproliferative neoplasms (C88C90),1,N/A,1089
ASSOCIATE DEGREE (E.G. AA AS),Multiple myeloma and immunoproliferative neoplasms (C88C90),0,N/A,1092
BACHELORS DEGREE (E.G. BA AB BS),Multiple myeloma and immunoproliferative neoplasms (C88C90),1,N/A,1095
MASTERS DEGREE (E.G. MA MS..),Multiple myeloma and immunoproliferative neoplasms (C88C90),0,N/A,1098
DOCTORATE DEGREE OR PROFESSIONAL DEGREE,Multiple myeloma and immunoproliferative neoplasms (C88C90),0,N/A,1101
UNKNOWN,Multiple myeloma and immunoproliferative neoplasms (C88C90),0,N/A,1104
Total,Multiple myeloma and immunoproliferative neoplasms (C88C90),4,N/A,1107
8TH GRADE OR LESS,Other and unspecified malignant neoplasms of lymphoid hematopoietic and related tissue (C96),0,N/A,1110
9TH THRU 12TH GRADE; NO DIPLOMA,Other and unspecified malignant neoplasms of lymphoid hematopoietic and related tissue (C96),0,N/A,1113
HIGH SCHOOL GRADUATE OR GED,Other and unspecified malignant neoplasms of lymphoid hematopoietic and related tissue (C96),0,N/A,1116
COLLEGE BUT NO DEGREE,Other and unspecified malignant neoplasms of lymphoid hematopoietic and related tissue (C96),0,N/A,1119
ASSOCIATE DEGREE (E.G. AA AS),Other and unspecified malignant neoplasms of lymphoid hematopoietic and related tissue (C96),0,N/A,1122
BACHELORS DEGREE (E.G. BA AB BS),Other and unspecified malignant neoplasms of lymphoid hematopoietic and related tissue (C96),0,N/A,1125
MASTERS DEGREE (E.G. MA MS..),Other and unspecified malignant neoplasms of lymphoid hematopoietic and related tissue (C96),0,N/A,1128
DOCTORATE DEGREE OR PROFESSIONAL DEGREE,Other and unspecified malignant neoplasms of lymphoid hematopoietic and related tissue (C96),0,N/A,1131
UNKNOWN,Other and unspecified malignant neoplasms of lymphoid hematopoietic and related tissue (C96),0,N/A,1134
Total,Other and unspecified malignant neoplasms of lymphoid hematopoietic and related tissue (C96),0,N/A,1137
8TH GRADE OR LESS,All other and unspecified malignant neoplasms (C17C23-C24C26-C31C37-C41C44-C49C51-C52C57-C60C62-C63C66C68-C69C73-C80C97),0,N/A,1140
9TH THRU 12TH GRADE; NO DIPLOMA,All other and unspecified malignant neoplasms (C17C23-C24C26-C31C37-C41C44-C49C51-C52C57-C60C62-C63C66C68-C69C73-C80C97),1,N/A,1143
HIGH SCHOOL GRADUATE OR GED,All other and unspecified malignant neoplasms (C17C23-C24C26-C31C37-C41C44-C49C51-C52C57-C60C62-C63C66C68-C69C73-C80C97),6,N/A,1146
COLLEGE BUT NO DEGREE,All other and unspecified malignant neoplasms (C17C23-C24C26-C31C37-C41C44-C49C51-C52C57-C60C62-C63C66C68-C69C73-C80C97),1,N/A,1149
ASSOCIATE DEGREE (E.G. AA AS),All other and unspecified malignant neoplasms (C17C23-C24C26-C31C37-C41C44-C49C51-C52C57-C60C62-C63C66C68-C69C73-C80C97),1,N/A,1152
BACHELORS DEGREE (E.G. BA AB BS),All other and unspecified malignant neoplasms (C17C23-C24C26-C31C37-C41C44-C49C51-C52C57-C60C62-C63C66C68-C69C73-C80C97),4,N/A,1155
MASTERS DEGREE (E.G. MA MS..),All other and unspecified malignant neoplasms (C17C23-C24C26-C31C37-C41C44-C49C51-C52C57-C60C62-C63C66C68-C69C73-C80C97),0,N/A,1158
DOCTORATE DEGREE OR PROFESSIONAL DEGREE,All other and unspecified malignant neoplasms (C17C23-C24C26-C31C37-C41C44-C49C51-C52C57-C60C62-C63C66C68-C69C73-C80C97),0,N/A,1161
UNKNOWN,All other and unspecified malignant neoplasms (C17C23-C24C26-C31C37-C41C44-C49C51-C52C57-C60C62-C63C66C68-C69C73-C80C97),0,N/A,1164
Total,All other and unspecified malignant neoplasms (C17C23-C24C26-C31C37-C41C44-C49C51-C52C57-C60C62-C63C66C68-C69C73-C80C97),13,0.1,1167
8TH GRADE OR LESS,In situ neoplasms benign neoplasms and neoplasms of uncertain or unknown behavior (D00-D48),0,N/A,1170
9TH THRU 12TH GRADE; NO DIPLOMA,In situ neoplasms benign neoplasms and neoplasms of uncertain or unknown behavior (D00-D48),0,N/A,1173
HIGH SCHOOL GRADUATE OR GED,In situ neoplasms benign neoplasms and neoplasms of uncertain or unknown behavior (D00-D48),1,N/A,1176
COLLEGE BUT NO DEGREE,In situ neoplasms benign neoplasms and neoplasms of uncertain or unknown behavior (D00-D48),0,N/A,1179
ASSOCIATE DEGREE (E.G. AA AS),In situ neoplasms benign neoplasms and neoplasms of uncertain or unknown behavior (D00-D48),0,N/A,1182
BACHELORS DEGREE (E.G. BA AB BS),In situ neoplasms benign neoplasms and neoplasms of uncertain or unknown behavior (D00-D48),2,N/A,1185
MASTERS DEGREE (E.G. MA MS..),In situ neoplasms benign neoplasms and neoplasms of uncertain or unknown behavior (D00-D48),0,N/A,1188
DOCTORATE DEGREE OR PROFESSIONAL DEGREE,In situ neoplasms benign neoplasms and neoplasms of uncertain or unknown behavior (D00-D48),0,N/A,1191
UNKNOWN,In situ neoplasms benign neoplasms and neoplasms of uncertain or unknown behavior (D00-D48),1,N/A,1194
Total,In situ neoplasms benign neoplasms and neoplasms of uncertain or unknown behavior (D00-D48),4,N/A,1197
8TH GRADE OR LESS,Anemias (D50-D64),0,N/A,1200
9TH THRU 12TH GRADE; NO DIPLOMA,Anemias (D50-D64),0,N/A,1203
HIGH SCHOOL GRADUATE OR GED,Anemias (D50-D64),0,N/A,1206
COLLEGE BUT NO DEGREE,Anemias (D50-D64),0,N/A,1209
ASSOCIATE DEGREE (E.G. AA AS),Anemias (D50-D64),0,N/A,1212
BACHELORS DEGREE (E.G. BA AB BS),Anemias (D50-D64),1,N/A,1215
MASTERS DEGREE (E.G. MA MS..),Anemias (D50-D64),0,N/A,1218
DOCTORATE DEGREE OR PROFESSIONAL DEGREE,Anemias (D50-D64),0,N/A,1221
UNKNOWN,Anemias (D50-D64),0,N/A,1224
Total,Anemias (D50-D64),1,N/A,1227
8TH GRADE OR LESS,Diabetes mellitus (E10-E14),0,N/A,1230
9TH THRU 12TH GRADE; NO DIPLOMA,Diabetes mellitus (E10-E14),1,N/A,1233
HIGH SCHOOL GRADUATE OR GED,Diabetes mellitus (E10-E14),5,N/A,1236
COLLEGE BUT NO DEGREE,Diabetes mellitus (E10-E14),1,N/A,1239
ASSOCIATE DEGREE (E.G. AA AS),Diabetes mellitus (E10-E14),0,N/A,1242
BACHELORS DEGREE (E.G. BA AB BS),Diabetes mellitus (E10-E14),0,N/A,1245
MASTERS DEGREE (E.G. MA MS..),Diabetes mellitus (E10-E14),1,N/A,1248
DOCTORATE DEGREE OR PROFESSIONAL DEGREE,Diabetes mellitus (E10-E14),0,N/A,1251
UNKNOWN,Diabetes mellitus (E10-E14),0,N/A,1254
Total,Diabetes mellitus (E10-E14),8,N/A,1257
8TH GRADE OR LESS,Malnutrition (E40-E46),1,N/A,1260
9TH THRU 12TH GRADE; NO DIPLOMA,Malnutrition (E40-E46),0,N/A,1263
HIGH SCHOOL GRADUATE OR GED,Malnutrition (E40-E46),1,N/A,1266
COLLEGE BUT NO DEGREE,Malnutrition (E40-E46),0,N/A,1269
ASSOCIATE DEGREE (E.G. AA AS),Malnutrition (E40-E46),0,N/A,1272
BACHELORS DEGREE (E.G. BA AB BS),Malnutrition (E40-E46),0,N/A,1275
MASTERS DEGREE (E.G. MA MS..),Malnutrition (E40-E46),0,N/A,1278
DOCTORATE DEGREE OR PROFESSIONAL DEGREE,Malnutrition (E40-E46),0,N/A,1281
UNKNOWN,Malnutrition (E40-E46),0,N/A,1284
Total,Malnutrition (E40-E46),2,N/A,1287
8TH GRADE OR LESS,Other nutritional deficiencies (E50-E64),0,N/A,1290
9TH THRU 12TH GRADE; NO DIPLOMA,Other nutritional deficiencies (E50-E64),0,N/A,1293
HIGH SCHOOL GRADUATE OR GED,Other nutritional deficiencies (E50-E64),0,N/A,1296
COLLEGE BUT NO DEGREE,Other nutritional deficiencies (E50-E64),0,N/A,1299
ASSOCIATE DEGREE (E.G. AA AS),Other nutritional deficiencies (E50-E64),0,N/A,1302
BACHELORS DEGREE (E.G. BA AB BS),Other nutritional deficiencies (E50-E64),0,N/A,1305
MASTERS DEGREE (E.G. MA MS..),Other nutritional deficiencies (E50-E64),0,N/A,1308
DOCTORATE DEGREE OR PROFESSIONAL DEGREE,Other nutritional deficiencies (E50-E64),0,N/A,1311
UNKNOWN,Other nutritional deficiencies (E50-E64),0,N/A,1314
Total,Other nutritional deficiencies (E50-E64),0,N/A,1317
8TH GRADE OR LESS,Meningitis (G00G03),0,N/A,1320
9TH THRU 12TH GRADE; NO DIPLOMA,Meningitis (G00G03),0,N/A,1323
HIGH SCHOOL GRADUATE OR GED,Meningitis (G00G03),0,N/A,1326
COLLEGE BUT NO DEGREE,Meningitis (G00G03),0,N/A,1329
ASSOCIATE DEGREE (E.G. AA AS),Meningitis (G00G03),0,N/A,1332
BACHELORS DEGREE (E.G. BA AB BS),Meningitis (G00G03),0,N/A,1335
MASTERS DEGREE (E.G. MA MS..),Meningitis (G00G03),0,N/A,1338
DOCTORATE DEGREE OR PROFESSIONAL DEGREE,Meningitis (G00G03),0,N/A,1341
UNKNOWN,Meningitis (G00G03),0,N/A,1344
Total,Meningitis (G00G03),0,N/A,1347
8TH GRADE OR LESS,Parkinson's disease (G20-G21),1,N/A,1350
9TH THRU 12TH GRADE; NO DIPLOMA,Parkinson's disease (G20-G21),1,N/A,1353
HIGH SCHOOL GRADUATE OR GED,Parkinson's disease (G20-G21),7,N/A,1356
COLLEGE BUT NO DEGREE,Parkinson's disease (G20-G21),1,N/A,1359
ASSOCIATE DEGREE (E.G. AA AS),Parkinson's disease (G20-G21),1,N/A,1362
BACHELORS DEGREE (E.G. BA AB BS),Parkinson's disease (G20-G21),1,N/A,1365
MASTERS DEGREE (E.G. MA MS..),Parkinson's disease (G20-G21),2,N/A,1368
DOCTORATE DEGREE OR PROFESSIONAL DEGREE,Parkinson's disease (G20-G21),0,N/A,1371
UNKNOWN,Parkinson's disease (G20-G21),0,N/A,1374
Total,Parkinson's disease (G20-G21),14,0.1,1377
8TH GRADE OR LESS,Alzheimer's disease (G30),0,N/A,1380
9TH THRU 12TH GRADE; NO DIPLOMA,Alzheimer's disease (G30),1,N/A,1383
HIGH SCHOOL GRADUATE OR GED,Alzheimer's disease (G30),15,0.1,1386
COLLEGE BUT NO DEGREE,Alzheimer's disease (G30),2,N/A,1389
ASSOCIATE DEGREE (E.G. AA AS),Alzheimer's disease (G30),3,N/A,1392
BACHELORS DEGREE (E.G. BA AB BS),Alzheimer's disease (G30),4,N/A,1395
MASTERS DEGREE (E.G. MA MS..),Alzheimer's disease (G30),2,N/A,1398
DOCTORATE DEGREE OR PROFESSIONAL DEGREE,Alzheimer's disease (G30),1,N/A,1401
UNKNOWN,Alzheimer's disease (G30),0,N/A,1404
Total,Alzheimer's disease (G30),28,0.2,1407
8TH GRADE OR LESS,Acute rheumatic fever and chronic rheumatic heart diseases (I00-I09),0,N/A,1410
9TH THRU 12TH GRADE; NO DIPLOMA,Acute rheumatic fever and chronic rheumatic heart diseases (I00-I09),0,N/A,1413
HIGH SCHOOL GRADUATE OR GED,Acute rheumatic fever and chronic rheumatic heart diseases (I00-I09),0,N/A,1416
COLLEGE BUT NO DEGREE,Acute rheumatic fever and chronic rheumatic heart diseases (I00-I09),0,N/A,1419
ASSOCIATE DEGREE (E.G. AA AS),Acute rheumatic fever and chronic rheumatic heart diseases (I00-I09),0,N/A,1422
BACHELORS DEGREE (E.G. BA AB BS),Acute rheumatic fever and chronic rheumatic heart diseases (I00-I09),0,N/A,1425
MASTERS DEGREE (E.G. MA MS..),Acute rheumatic fever and chronic rheumatic heart diseases (I00-I09),0,N/A,1428
DOCTORATE DEGREE OR PROFESSIONAL DEGREE,Acute rheumatic fever and chronic rheumatic heart diseases (I00-I09),0,N/A,1431
UNKNOWN,Acute rheumatic fever and chronic rheumatic heart diseases (I00-I09),0,N/A,1434
Total,Acute rheumatic fever and chronic rheumatic heart diseases (I00-I09),0,N/A,1437
8TH GRADE OR LESS,Hypertensive heart disease (I11),0,N/A,1440
9TH THRU 12TH GRADE; NO DIPLOMA,Hypertensive heart disease (I11),0,N/A,1443
HIGH SCHOOL GRADUATE OR GED,Hypertensive heart disease (I11),6,N/A,1446
COLLEGE BUT NO DEGREE,Hypertensive heart disease (I11),1,N/A,1449
ASSOCIATE DEGREE (E.G. AA AS),Hypertensive heart disease (I11),0,N/A,1452
BACHELORS DEGREE (E.G. BA AB BS),Hypertensive heart disease (I11),0,N/A,1455
MASTERS DEGREE (E.G. MA MS..),Hypertensive heart disease (I11),2,N/A,1458
DOCTORATE DEGREE OR PROFESSIONAL DEGREE,Hypertensive heart disease (I11),0,N/A,1461
UNKNOWN,Hypertensive heart disease (I11),0,N/A,1464
Total,Hypertensive heart disease (I11),9,N/A,1467
8TH GRADE OR LESS,Hypertensive heart and renal disease (I13),1,N/A,1470
9TH THRU 12TH GRADE; NO DIPLOMA,Hypertensive heart and renal disease (I13),0,N/A,1473
HIGH SCHOOL GRADUATE OR GED,Hypertensive heart and renal disease (I13),1,N/A,1476
COLLEGE BUT NO DEGREE,Hypertensive heart and renal disease (I13),1,N/A,1479
ASSOCIATE DEGREE (E.G. AA AS),Hypertensive heart and renal disease (I13),0,N/A,1482
BACHELORS DEGREE (E.G. BA AB BS),Hypertensive heart and renal disease (I13),0,N/A,1485
MASTERS DEGREE (E.G. MA MS..),Hypertensive heart and renal disease (I13),0,N/A,1488
DOCTORATE DEGREE OR PROFESSIONAL DEGREE,Hypertensive heart and renal disease (I13),0,N/A,1491
UNKNOWN,Hypertensive heart and renal disease (I13),0,N/A,1494
Total,Hypertensive heart and renal disease (I13),3,N/A,1497
8TH GRADE OR LESS,Acute myocardial infarction (I21-I22),1,N/A,1500
9TH THRU 12TH GRADE; NO DIPLOMA,Acute myocardial infarction (I21-I22),2,N/A,1503
HIGH SCHOOL GRADUATE OR GED,Acute myocardial infarction (I21-I22),7,N/A,1506
COLLEGE BUT NO DEGREE,Acute myocardial infarction (I21-I22),2,N/A,1509
ASSOCIATE DEGREE (E.G. AA AS),Acute myocardial infarction (I21-I22),1,N/A,1512
BACHELORS DEGREE (E.G. BA AB BS),Acute myocardial infarction (I21-I22),1,N/A,1515
MASTERS DEGREE (E.G. MA MS..),Acute myocardial infarction (I21-I22),0,N/A,1518
DOCTORATE DEGREE OR PROFESSIONAL DEGREE,Acute myocardial infarction (I21-I22),0,N/A,1521
UNKNOWN,Acute myocardial infarction (I21-I22),0,N/A,1524
Total,Acute myocardial infarction (I21-I22),14,0.1,1527
8TH GRADE OR LESS,Other acute ischemic heart diseases (I24),0,N/A,1530
9TH THRU 12TH GRADE; NO DIPLOMA,Other acute ischemic heart diseases (I24),0,N/A,1533
HIGH SCHOOL GRADUATE OR GED,Other acute ischemic heart diseases (I24),1,N/A,1536
COLLEGE BUT NO DEGREE,Other acute ischemic heart diseases (I24),0,N/A,1539
ASSOCIATE DEGREE (E.G. AA AS),Other acute ischemic heart diseases (I24),0,N/A,1542
BACHELORS DEGREE (E.G. BA AB BS),Other acute ischemic heart diseases (I24),0,N/A,1545
MASTERS DEGREE (E.G. MA MS..),Other acute ischemic heart diseases (I24),0,N/A,1548
DOCTORATE DEGREE OR PROFESSIONAL DEGREE,Other acute ischemic heart diseases (I24),0,N/A,1551
UNKNOWN,Other acute ischemic heart diseases (I24),0,N/A,1554
Total,Other acute ischemic heart diseases (I24),1,N/A,1557
8TH GRADE OR LESS,Atherosclerotic cardiovascular disease so described (I25.0),0,N/A,1560
9TH THRU 12TH GRADE; NO DIPLOMA,Atherosclerotic cardiovascular disease so described (I25.0),0,N/A,1563
HIGH SCHOOL GRADUATE OR GED,Atherosclerotic cardiovascular disease so described (I25.0),7,N/A,1566
COLLEGE BUT NO DEGREE,Atherosclerotic cardiovascular disease so described (I25.0),1,N/A,1569
ASSOCIATE DEGREE (E.G. AA AS),Atherosclerotic cardiovascular disease so described (I25.0),0,N/A,1572
BACHELORS DEGREE (E.G. BA AB BS),Atherosclerotic cardiovascular disease so described (I25.0),0,N/A,1575
MASTERS DEGREE (E.G. MA MS..),Atherosclerotic cardiovascular disease so described (I25.0),1,N/A,1578
DOCTORATE DEGREE OR PROFESSIONAL DEGREE,Atherosclerotic cardiovascular disease so described (I25.0),0,N/A,1581
UNKNOWN,Atherosclerotic cardiovascular disease so described (I25.0),0,N/A,1584
Total,Atherosclerotic cardiovascular disease so described (I25.0),9,N/A,1587
8TH GRADE OR LESS,All other forms of chronic ischemic heart disease (I20I25.1-I25.9),2,N/A,1590
9TH THRU 12TH GRADE; NO DIPLOMA,All other forms of chronic ischemic heart disease (I20I25.1-I25.9),1,N/A,1593
HIGH SCHOOL GRADUATE OR GED,All other forms of chronic ischemic heart disease (I20I25.1-I25.9),15,0.1,1596
COLLEGE BUT NO DEGREE,All other forms of chronic ischemic heart disease (I20I25.1-I25.9),3,N/A,1599
ASSOCIATE DEGREE (E.G. AA AS),All other forms of chronic ischemic heart disease (I20I25.1-I25.9),2,N/A,1602
BACHELORS DEGREE (E.G. BA AB BS),All other forms of chronic ischemic heart disease (I20I25.1-I25.9),2,N/A,1605
MASTERS DEGREE (E.G. MA MS..),All other forms of chronic ischemic heart disease (I20I25.1-I25.9),2,N/A,1608
DOCTORATE DEGREE OR PROFESSIONAL DEGREE,All other forms of chronic ischemic heart disease (I20I25.1-I25.9),0,N/A,1611
UNKNOWN,All other forms of chronic ischemic heart disease (I20I25.1-I25.9),0,N/A,1614
Total,All other forms of chronic ischemic heart disease (I20I25.1-I25.9),27,0.2,1617
8TH GRADE OR LESS,Acute and subacute endocarditis (I33),0,N/A,1620
9TH THRU 12TH GRADE; NO DIPLOMA,Acute and subacute endocarditis (I33),0,N/A,1623
HIGH SCHOOL GRADUATE OR GED,Acute and subacute endocarditis (I33),0,N/A,1626
COLLEGE BUT NO DEGREE,Acute and subacute endocarditis (I33),0,N/A,1629
ASSOCIATE DEGREE (E.G. AA AS),Acute and subacute endocarditis (I33),0,N/A,1632
BACHELORS DEGREE (E.G. BA AB BS),Acute and subacute endocarditis (I33),0,N/A,1635
MASTERS DEGREE (E.G. MA MS..),Acute and subacute endocarditis (I33),0,N/A,1638
DOCTORATE DEGREE OR PROFESSIONAL DEGREE,Acute and subacute endocarditis (I33),0,N/A,1641
UNKNOWN,Acute and subacute endocarditis (I33),0,N/A,1644
Total,Acute and subacute endocarditis (I33),0,N/A,1647
8TH GRADE OR LESS,Diseases of pericardium and acute myocarditis (I30-I31I40),0,N/A,1650
9TH THRU 12TH GRADE; NO DIPLOMA,Diseases of pericardium and acute myocarditis (I30-I31I40),0,N/A,1653
HIGH SCHOOL GRADUATE OR GED,Diseases of pericardium and acute myocarditis (I30-I31I40),0,N/A,1656
COLLEGE BUT NO DEGREE,Diseases of pericardium and acute myocarditis (I30-I31I40),0,N/A,1659
ASSOCIATE DEGREE (E.G. AA AS),Diseases of pericardium and acute myocarditis (I30-I31I40),0,N/A,1662
BACHELORS DEGREE (E.G. BA AB BS),Diseases of pericardium and acute myocarditis (I30-I31I40),0,N/A,1665
MASTERS DEGREE (E.G. MA MS..),Diseases of pericardium and acute myocarditis (I30-I31I40),0,N/A,1668
DOCTORATE DEGREE OR PROFESSIONAL DEGREE,Diseases of pericardium and acute myocarditis (I30-I31I40),0,N/A,1671
UNKNOWN,Diseases of pericardium and acute myocarditis (I30-I31I40),0,N/A,1674
Total,Diseases of pericardium and acute myocarditis (I30-I31I40),0,N/A,1677
8TH GRADE OR LESS,Heart failure (I50),2,N/A,1680
9TH THRU 12TH GRADE; NO DIPLOMA,Heart failure (I50),2,N/A,1683
HIGH SCHOOL GRADUATE OR GED,Heart failure (I50),11,0.1,1686
COLLEGE BUT NO DEGREE,Heart failure (I50),1,N/A,1689
ASSOCIATE DEGREE (E.G. AA AS),Heart failure (I50),0,N/A,1692
BACHELORS DEGREE (E.G. BA AB BS),Heart failure (I50),2,N/A,1695
MASTERS DEGREE (E.G. MA MS..),Heart failure (I50),0,N/A,1698
DOCTORATE DEGREE OR PROFESSIONAL DEGREE,Heart failure (I50),0,N/A,1701
UNKNOWN,Heart failure (I50),0,N/A,1704
Total,Heart failure (I50),18,0.1,1707
8TH GRADE OR LESS,All other forms of heart disease (I26-I28I34-I38I42-I49I51),1,N/A,1710
9TH THRU 12TH GRADE; NO DIPLOMA,All other forms of heart disease (I26-I28I34-I38I42-I49I51),1,N/A,1713
HIGH SCHOOL GRADUATE OR GED,All other forms of heart disease (I26-I28I34-I38I42-I49I51),11,0.1,1716
COLLEGE BUT NO DEGREE,All other forms of heart disease (I26-I28I34-I38I42-I49I51),1,N/A,1719
ASSOCIATE DEGREE (E.G. AA AS),All other forms of heart disease (I26-I28I34-I38I42-I49I51),1,N/A,1722
BACHELORS DEGREE (E.G. BA AB BS),All other forms of heart disease (I26-I28I34-I38I42-I49I51),1,N/A,1725
MASTERS DEGREE (E.G. MA MS..),All other forms of heart disease (I26-I28I34-I38I42-I49I51),1,N/A,1728
DOCTORATE DEGREE OR PROFESSIONAL DEGREE,All other forms of heart disease (I26-I28I34-I38I42-I49I51),0,N/A,1731
UNKNOWN,All other forms of heart disease (I26-I28I34-I38I42-I49I51),0,N/A,1734
Total,All other forms of heart disease (I26-I28I34-I38I42-I49I51),17,0.1,1737
8TH GRADE OR LESS,Essential (primary) hypertension and hypertensive renal disease (I10I12I15),1,N/A,1740
9TH THRU 12TH GRADE; NO DIPLOMA,Essential (primary) hypertension and hypertensive renal disease (I10I12I15),1,N/A,1743
HIGH SCHOOL GRADUATE OR GED,Essential (primary) hypertension and hypertensive renal disease (I10I12I15),2,N/A,1746
COLLEGE BUT NO DEGREE,Essential (primary) hypertension and hypertensive renal disease (I10I12I15),1,N/A,1749
ASSOCIATE DEGREE (E.G. AA AS),Essential (primary) hypertension and hypertensive renal disease (I10I12I15),0,N/A,1752
BACHELORS DEGREE (E.G. BA AB BS),Essential (primary) hypertension and hypertensive renal disease (I10I12I15),0,N/A,1755
MASTERS DEGREE (E.G. MA MS..),Essential (primary) hypertension and hypertensive renal disease (I10I12I15),0,N/A,1758
DOCTORATE DEGREE OR PROFESSIONAL DEGREE,Essential (primary) hypertension and hypertensive renal disease (I10I12I15),0,N/A,1761
UNKNOWN,Essential (primary) hypertension and hypertensive renal disease (I10I12I15),0,N/A,1764
Total,Essential (primary) hypertension and hypertensive renal disease (I10I12I15),5,N/A,1767
8TH GRADE OR LESS,Cerebrovascular diseases (I60-I69),2,N/A,1770
9TH THRU 12TH GRADE; NO DIPLOMA,Cerebrovascular diseases (I60-I69),1,N/A,1773
HIGH SCHOOL GRADUATE OR GED,Cerebrovascular diseases (I60-I69),15,0.1,1776
COLLEGE BUT NO DEGREE,Cerebrovascular diseases (I60-I69),6,N/A,1779
ASSOCIATE DEGREE (E.G. AA AS),Cerebrovascular diseases (I60-I69),3,N/A,1782
BACHELORS DEGREE (E.G. BA AB BS),Cerebrovascular diseases (I60-I69),3,N/A,1785
MASTERS DEGREE (E.G. MA MS..),Cerebrovascular diseases (I60-I69),2,N/A,1788
DOCTORATE DEGREE OR PROFESSIONAL DEGREE,Cerebrovascular diseases (I60-I69),0,N/A,1791
UNKNOWN,Cerebrovascular diseases (I60-I69),0,N/A,1794
Total,Cerebrovascular diseases (I60-I69),32,0.2,1797
8TH GRADE OR LESS,Atherosclerosis (I70),0,N/A,1800
9TH THRU 12TH GRADE; NO DIPLOMA,Atherosclerosis (I70),0,N/A,1803
HIGH SCHOOL GRADUATE OR GED,Atherosclerosis (I70),0,N/A,1806
COLLEGE BUT NO DEGREE,Atherosclerosis (I70),0,N/A,1809
ASSOCIATE DEGREE (E.G. AA AS),Atherosclerosis (I70),0,N/A,1812
BACHELORS DEGREE (E.G. BA AB BS),Atherosclerosis (I70),0,N/A,1815
MASTERS DEGREE (E.G. MA MS..),Atherosclerosis (I70),0,N/A,1818
DOCTORATE DEGREE OR PROFESSIONAL DEGREE,Atherosclerosis (I70),0,N/A,1821
UNKNOWN,Atherosclerosis (I70),0,N/A,1824
Total,Atherosclerosis (I70),0,N/A,1827
8TH GRADE OR LESS,Aortic aneurysm and dissection (I71),0,N/A,1830
9TH THRU 12TH GRADE; NO DIPLOMA,Aortic aneurysm and dissection (I71),0,N/A,1833
HIGH SCHOOL GRADUATE OR GED,Aortic aneurysm and dissection (I71),1,N/A,1836
COLLEGE BUT NO DEGREE,Aortic aneurysm and dissection (I71),1,N/A,1839
ASSOCIATE DEGREE (E.G. AA AS),Aortic aneurysm and dissection (I71),0,N/A,1842
BACHELORS DEGREE (E.G. BA AB BS),Aortic aneurysm and dissection (I71),0,N/A,1845
MASTERS DEGREE (E.G. MA MS..),Aortic aneurysm and dissection (I71),0,N/A,1848
DOCTORATE DEGREE OR PROFESSIONAL DEGREE,Aortic aneurysm and dissection (I71),0,N/A,1851
UNKNOWN,Aortic aneurysm and dissection (I71),0,N/A,1854
Total,Aortic aneurysm and dissection (I71),2,N/A,1857
8TH GRADE OR LESS,Other diseases of arteries arterioles and capillaries (I72-I78),0,N/A,1860
9TH THRU 12TH GRADE; NO DIPLOMA,Other diseases of arteries arterioles and capillaries (I72-I78),0,N/A,1863
HIGH SCHOOL GRADUATE OR GED,Other diseases of arteries arterioles and capillaries (I72-I78),2,N/A,1866
COLLEGE BUT NO DEGREE,Other diseases of arteries arterioles and capillaries (I72-I78),0,N/A,1869
ASSOCIATE DEGREE (E.G. AA AS),Other diseases of arteries arterioles and capillaries (I72-I78),0,N/A,1872
BACHELORS DEGREE (E.G. BA AB BS),Other diseases of arteries arterioles and capillaries (I72-I78),1,N/A,1875
MASTERS DEGREE (E.G. MA MS..),Other diseases of arteries arterioles and capillaries (I72-I78),0,N/A,1878
DOCTORATE DEGREE OR PROFESSIONAL DEGREE,Other diseases of arteries arterioles and capillaries (I72-I78),0,N/A,1881
UNKNOWN,Other diseases of arteries arterioles and capillaries (I72-I78),0,N/A,1884
Total,Other diseases of arteries arterioles and capillaries (I72-I78),3,N/A,1887
8TH GRADE OR LESS,Other disorders of circulatory system (I80-I99),0,N/A,1890
9TH THRU 12TH GRADE; NO DIPLOMA,Other disorders of circulatory system (I80-I99),0,N/A,1893
HIGH SCHOOL GRADUATE OR GED,Other disorders of circulatory system (I80-I99),0,N/A,1896
COLLEGE BUT NO DEGREE,Other disorders of circulatory system (I80-I99),0,N/A,1899
ASSOCIATE DEGREE (E.G. AA AS),Other disorders of circulatory system (I80-I99),0,N/A,1902
BACHELORS DEGREE (E.G. BA AB BS),Other disorders of circulatory system (I80-I99),0,N/A,1905
MASTERS DEGREE (E.G. MA MS..),Other disorders of circulatory system (I80-I99),0,N/A,1908
DOCTORATE DEGREE OR PROFESSIONAL DEGREE,Other disorders of circulatory system (I80-I99),0,N/A,1911
UNKNOWN,Other disorders of circulatory system (I80-I99),0,N/A,1914
Total,Other disorders of circulatory system (I80-I99),0,N/A,1917
8TH GRADE OR LESS,Influenza (J09-J11),0,N/A,1920
9TH THRU 12TH GRADE; NO DIPLOMA,Influenza (J09-J11),0,N/A,1923
HIGH SCHOOL GRADUATE OR GED,Influenza (J09-J11),0,N/A,1926
COLLEGE BUT NO DEGREE,Influenza (J09-J11),0,N/A,1929
ASSOCIATE DEGREE (E.G. AA AS),Influenza (J09-J11),0,N/A,1932
BACHELORS DEGREE (E.G. BA AB BS),Influenza (J09-J11),0,N/A,1935
MASTERS DEGREE (E.G. MA MS..),Influenza (J09-J11),0,N/A,1938
DOCTORATE DEGREE OR PROFESSIONAL DEGREE,Influenza (J09-J11),0,N/A,1941
UNKNOWN,Influenza (J09-J11),0,N/A,1944
Total,Influenza (J09-J11),0,N/A,1947
8TH GRADE OR LESS,Pneumonia (J12-J18),0,N/A,1950
9TH THRU 12TH GRADE; NO DIPLOMA,Pneumonia (J12-J18),1,N/A,1953
HIGH SCHOOL GRADUATE OR GED,Pneumonia (J12-J18),1,N/A,1956
COLLEGE BUT NO DEGREE,Pneumonia (J12-J18),2,N/A,1959
ASSOCIATE DEGREE (E.G. AA AS),Pneumonia (J12-J18),1,N/A,1962
BACHELORS DEGREE (E.G. BA AB BS),Pneumonia (J12-J18),1,N/A,1965
MASTERS DEGREE (E.G. MA MS..),Pneumonia (J12-J18),0,N/A,1968
DOCTORATE DEGREE OR PROFESSIONAL DEGREE,Pneumonia (J12-J18),0,N/A,1971
UNKNOWN,Pneumonia (J12-J18),0,N/A,1974
Total,Pneumonia (J12-J18),6,N/A,1977
8TH GRADE OR LESS,Acute bronchitis and bronchiolitis (J20-J21),0,N/A,1980
9TH THRU 12TH GRADE; NO DIPLOMA,Acute bronchitis and bronchiolitis (J20-J21),0,N/A,1983
HIGH SCHOOL GRADUATE OR GED,Acute bronchitis and bronchiolitis (J20-J21),0,N/A,1986
COLLEGE BUT NO DEGREE,Acute bronchitis and bronchiolitis (J20-J21),0,N/A,1989
ASSOCIATE DEGREE (E.G. AA AS),Acute bronchitis and bronchiolitis (J20-J21),0,N/A,1992
BACHELORS DEGREE (E.G. BA AB BS),Acute bronchitis and bronchiolitis (J20-J21),0,N/A,1995
MASTERS DEGREE (E.G. MA MS..),Acute bronchitis and bronchiolitis (J20-J21),0,N/A,1998
DOCTORATE DEGREE OR PROFESSIONAL DEGREE,Acute bronchitis and bronchiolitis (J20-J21),0,N/A,2001
UNKNOWN,Acute bronchitis and bronchiolitis (J20-J21),0,N/A,2004
Total,Acute bronchitis and bronchiolitis (J20-J21),0,N/A,2007
8TH GRADE OR LESS,Unspecified acute lower respiratory infection (J22U049U071),7,N/A,2010
9TH THRU 12TH GRADE; NO DIPLOMA,Unspecified acute lower respiratory infection (J22U049U071),11,0.1,2013
HIGH SCHOOL GRADUATE OR GED,Unspecified acute lower respiratory infection (J22U049U071),59,0.4,2016
COLLEGE BUT NO DEGREE,Unspecified acute lower respiratory infection (J22U049U071),6,N/A,2019
ASSOCIATE DEGREE (E.G. AA AS),Unspecified acute lower respiratory infection (J22U049U071),2,N/A,2022
BACHELORS DEGREE (E.G. BA AB BS),Unspecified acute lower respiratory infection (J22U049U071),8,N/A,2025
MASTERS DEGREE (E.G. MA MS..),Unspecified acute lower respiratory infection (J22U049U071),6,N/A,2028
DOCTORATE DEGREE OR PROFESSIONAL DEGREE,Unspecified acute lower respiratory infection (J22U049U071),1,N/A,2031
UNKNOWN,Unspecified acute lower respiratory infection (J22U049U071),3,N/A,2034
Total,Unspecified acute lower respiratory infection (J22U049U071),103,0.7,2037
8TH GRADE OR LESS,Bronchitis chronic and unspecified (J40-J42),0,N/A,2040
9TH THRU 12TH GRADE; NO DIPLOMA,Bronchitis chronic and unspecified (J40-J42),0,N/A,2043
HIGH SCHOOL GRADUATE OR GED,Bronchitis chronic and unspecified (J40-J42),0,N/A,2046
COLLEGE BUT NO DEGREE,Bronchitis chronic and unspecified (J40-J42),0,N/A,2049
ASSOCIATE DEGREE (E.G. AA AS),Bronchitis chronic and unspecified (J40-J42),0,N/A,2052
BACHELORS DEGREE (E.G. BA AB BS),Bronchitis chronic and unspecified (J40-J42),0,N/A,2055
MASTERS DEGREE (E.G. MA MS..),Bronchitis chronic and unspecified (J40-J42),0,N/A,2058
DOCTORATE DEGREE OR PROFESSIONAL DEGREE,Bronchitis chronic and unspecified (J40-J42),0,N/A,2061
UNKNOWN,Bronchitis chronic and unspecified (J40-J42),0,N/A,2064
Total,Bronchitis chronic and unspecified (J40-J42),0,N/A,2067
8TH GRADE OR LESS,Emphysema (J43),0,N/A,2070
9TH THRU 12TH GRADE; NO DIPLOMA,Emphysema (J43),0,N/A,2073
HIGH SCHOOL GRADUATE OR GED,Emphysema (J43),1,N/A,2076
COLLEGE BUT NO DEGREE,Emphysema (J43),0,N/A,2079
ASSOCIATE DEGREE (E.G. AA AS),Emphysema (J43),0,N/A,2082
BACHELORS DEGREE (E.G. BA AB BS),Emphysema (J43),0,N/A,2085
MASTERS DEGREE (E.G. MA MS..),Emphysema (J43),0,N/A,2088
DOCTORATE DEGREE OR PROFESSIONAL DEGREE,Emphysema (J43),0,N/A,2091
UNKNOWN,Emphysema (J43),0,N/A,2094
Total,Emphysema (J43),1,N/A,2097
8TH GRADE OR LESS,Asthma (J45-J46),0,N/A,2100
9TH THRU 12TH GRADE; NO DIPLOMA,Asthma (J45-J46),0,N/A,2103
HIGH SCHOOL GRADUATE OR GED,Asthma (J45-J46),0,N/A,2106
COLLEGE BUT NO DEGREE,Asthma (J45-J46),0,N/A,2109
ASSOCIATE DEGREE (E.G. AA AS),Asthma (J45-J46),0,N/A,2112
BACHELORS DEGREE (E.G. BA AB BS),Asthma (J45-J46),0,N/A,2115
MASTERS DEGREE (E.G. MA MS..),Asthma (J45-J46),0,N/A,2118
DOCTORATE DEGREE OR PROFESSIONAL DEGREE,Asthma (J45-J46),0,N/A,2121
UNKNOWN,Asthma (J45-J46),0,N/A,2124
Total,Asthma (J45-J46),0,N/A,2127
8TH GRADE OR LESS,Other chronic lower respiratory diseases (J44J47),0,N/A,2130
9TH THRU 12TH GRADE; NO DIPLOMA,Other chronic lower respiratory diseases (J44J47),0,N/A,2133
HIGH SCHOOL GRADUATE OR GED,Other chronic lower respiratory diseases (J44J47),10,0.1,2136
COLLEGE BUT NO DEGREE,Other chronic lower respiratory diseases (J44J47),3,N/A,2139
ASSOCIATE DEGREE (E.G. AA AS),Other chronic lower respiratory diseases (J44J47),3,N/A,2142
BACHELORS DEGREE (E.G. BA AB BS),Other chronic lower respiratory diseases (J44J47),0,N/A,2145
MASTERS DEGREE (E.G. MA MS..),Other chronic lower respiratory diseases (J44J47),0,N/A,2148
DOCTORATE DEGREE OR PROFESSIONAL DEGREE,Other chronic lower respiratory diseases (J44J47),0,N/A,2151
UNKNOWN,Other chronic lower respiratory diseases (J44J47),0,N/A,2154
Total,Other chronic lower respiratory diseases (J44J47),16,0.1,2157
8TH GRADE OR LESS,Pneumoconioses and chemical effects (J60-J66J68),0,N/A,2160
9TH THRU 12TH GRADE; NO DIPLOMA,Pneumoconioses and chemical effects (J60-J66J68),0,N/A,2163
HIGH SCHOOL GRADUATE OR GED,Pneumoconioses and chemical effects (J60-J66J68),0,N/A,2166
COLLEGE BUT NO DEGREE,Pneumoconioses and chemical effects (J60-J66J68),0,N/A,2169
ASSOCIATE DEGREE (E.G. AA AS),Pneumoconioses and chemical effects (J60-J66J68),0,N/A,2172
BACHELORS DEGREE (E.G. BA AB BS),Pneumoconioses and chemical effects (J60-J66J68),0,N/A,2175
MASTERS DEGREE (E.G. MA MS..),Pneumoconioses and chemical effects (J60-J66J68),0,N/A,2178
DOCTORATE DEGREE OR PROFESSIONAL DEGREE,Pneumoconioses and chemical effects (J60-J66J68),0,N/A,2181
UNKNOWN,Pneumoconioses and chemical effects (J60-J66J68),0,N/A,2184
Total,Pneumoconioses and chemical effects (J60-J66J68),0,N/A,2187
8TH GRADE OR LESS,Pneumonitis due to solids and liquids (J69),0,N/A,2190
9TH THRU 12TH GRADE; NO DIPLOMA,Pneumonitis due to solids and liquids (J69),0,N/A,2193
HIGH SCHOOL GRADUATE OR GED,Pneumonitis due to solids and liquids (J69),1,N/A,2196
COLLEGE BUT NO DEGREE,Pneumonitis due to solids and liquids (J69),1,N/A,2199
ASSOCIATE DEGREE (E.G. AA AS),Pneumonitis due to solids and liquids (J69),0,N/A,2202
BACHELORS DEGREE (E.G. BA AB BS),Pneumonitis due to solids and liquids (J69),1,N/A,2205
MASTERS DEGREE (E.G. MA MS..),Pneumonitis due to solids and liquids (J69),0,N/A,2208
DOCTORATE DEGREE OR PROFESSIONAL DEGREE,Pneumonitis due to solids and liquids (J69),0,N/A,2211
UNKNOWN,Pneumonitis due to solids and liquids (J69),0,N/A,2214
Total,Pneumonitis due to solids and liquids (J69),3,N/A,2217
8TH GRADE OR LESS,Other diseases of respiratory system (J00-J06J30-J39J67J70-J98),0,N/A,2220
9TH THRU 12TH GRADE; NO DIPLOMA,Other diseases of respiratory system (J00-J06J30-J39J67J70-J98),1,N/A,2223
HIGH SCHOOL GRADUATE OR GED,Other diseases of respiratory system (J00-J06J30-J39J67J70-J98),0,N/A,2226
COLLEGE BUT NO DEGREE,Other diseases of respiratory system (J00-J06J30-J39J67J70-J98),1,N/A,2229
ASSOCIATE DEGREE (E.G. AA AS),Other diseases of respiratory system (J00-J06J30-J39J67J70-J98),1,N/A,2232
BACHELORS DEGREE (E.G. BA AB BS),Other diseases of respiratory system (J00-J06J30-J39J67J70-J98),0,N/A,2235
MASTERS DEGREE (E.G. MA MS..),Other diseases of respiratory system (J00-J06J30-J39J67J70-J98),0,N/A,2238
DOCTORATE DEGREE OR PROFESSIONAL DEGREE,Other diseases of respiratory system (J00-J06J30-J39J67J70-J98),1,N/A,2241
UNKNOWN,Other diseases of respiratory system (J00-J06J30-J39J67J70-J98),0,N/A,2244
Total,Other diseases of respiratory system (J00-J06J30-J39J67J70-J98),4,N/A,2247
8TH GRADE OR LESS,Peptic ulcer (K25-K28),0,N/A,2250
9TH THRU 12TH GRADE; NO DIPLOMA,Peptic ulcer (K25-K28),0,N/A,2253
HIGH SCHOOL GRADUATE OR GED,Peptic ulcer (K25-K28),0,N/A,2256
COLLEGE BUT NO DEGREE,Peptic ulcer (K25-K28),0,N/A,2259
ASSOCIATE DEGREE (E.G. AA AS),Peptic ulcer (K25-K28),0,N/A,2262
BACHELORS DEGREE (E.G. BA AB BS),Peptic ulcer (K25-K28),0,N/A,2265
MASTERS DEGREE (E.G. MA MS..),Peptic ulcer (K25-K28),0,N/A,2268
DOCTORATE DEGREE OR PROFESSIONAL DEGREE,Peptic ulcer (K25-K28),0,N/A,2271
UNKNOWN,Peptic ulcer (K25-K28),0,N/A,2274
Total,Peptic ulcer (K25-K28),0,N/A,2277
8TH GRADE OR LESS,Diseases of appendix (K35-K38),0,N/A,2280
9TH THRU 12TH GRADE; NO DIPLOMA,Diseases of appendix (K35-K38),0,N/A,2283
HIGH SCHOOL GRADUATE OR GED,Diseases of appendix (K35-K38),0,N/A,2286
COLLEGE BUT NO DEGREE,Diseases of appendix (K35-K38),0,N/A,2289
ASSOCIATE DEGREE (E.G. AA AS),Diseases of appendix (K35-K38),0,N/A,2292
BACHELORS DEGREE (E.G. BA AB BS),Diseases of appendix (K35-K38),0,N/A,2295
MASTERS DEGREE (E.G. MA MS..),Diseases of appendix (K35-K38),0,N/A,2298
DOCTORATE DEGREE OR PROFESSIONAL DEGREE,Diseases of appendix (K35-K38),0,N/A,2301
UNKNOWN,Diseases of appendix (K35-K38),0,N/A,2304
Total,Diseases of appendix (K35-K38),0,N/A,2307
8TH GRADE OR LESS,Hernia (K40-K46),0,N/A,2310
9TH THRU 12TH GRADE; NO DIPLOMA,Hernia (K40-K46),0,N/A,2313
HIGH SCHOOL GRADUATE OR GED,Hernia (K40-K46),0,N/A,2316
COLLEGE BUT NO DEGREE,Hernia (K40-K46),0,N/A,2319
ASSOCIATE DEGREE (E.G. AA AS),Hernia (K40-K46),0,N/A,2322
BACHELORS DEGREE (E.G. BA AB BS),Hernia (K40-K46),0,N/A,2325
MASTERS DEGREE (E.G. MA MS..),Hernia (K40-K46),1,N/A,2328
DOCTORATE DEGREE OR PROFESSIONAL DEGREE,Hernia (K40-K46),0,N/A,2331
UNKNOWN,Hernia (K40-K46),0,N/A,2334
Total,Hernia (K40-K46),1,N/A,2337
8TH GRADE OR LESS,Alcoholic liver disease (K70),0,N/A,2340
9TH THRU 12TH GRADE; NO DIPLOMA,Alcoholic liver disease (K70),0,N/A,2343
HIGH SCHOOL GRADUATE OR GED,Alcoholic liver disease (K70),1,N/A,2346
COLLEGE BUT NO DEGREE,Alcoholic liver disease (K70),2,N/A,2349
ASSOCIATE DEGREE (E.G. AA AS),Alcoholic liver disease (K70),0,N/A,2352
BACHELORS DEGREE (E.G. BA AB BS),Alcoholic liver disease (K70),0,N/A,2355
MASTERS DEGREE (E.G. MA MS..),Alcoholic liver disease (K70),0,N/A,2358
DOCTORATE DEGREE OR PROFESSIONAL DEGREE,Alcoholic liver disease (K70),0,N/A,2361
UNKNOWN,Alcoholic liver disease (K70),0,N/A,2364
Total,Alcoholic liver disease (K70),3,N/A,2367
8TH GRADE OR LESS,Other chronic liver disease and cirrhosis (K73-K74),0,N/A,2370
9TH THRU 12TH GRADE; NO DIPLOMA,Other chronic liver disease and cirrhosis (K73-K74),0,N/A,2373
HIGH SCHOOL GRADUATE OR GED,Other chronic liver disease and cirrhosis (K73-K74),0,N/A,2376
COLLEGE BUT NO DEGREE,Other chronic liver disease and cirrhosis (K73-K74),0,N/A,2379
ASSOCIATE DEGREE (E.G. AA AS),Other chronic liver disease and cirrhosis (K73-K74),0,N/A,2382
BACHELORS DEGREE (E.G. BA AB BS),Other chronic liver disease and cirrhosis (K73-K74),0,N/A,2385
MASTERS DEGREE (E.G. MA MS..),Other chronic liver disease and cirrhosis (K73-K74),0,N/A,2388
DOCTORATE DEGREE OR PROFESSIONAL DEGREE,Other chronic liver disease and cirrhosis (K73-K74),1,N/A,2391
UNKNOWN,Other chronic liver disease and cirrhosis (K73-K74),0,N/A,2394
Total,Other chronic liver disease and cirrhosis (K73-K74),1,N/A,2397
8TH GRADE OR LESS,Cholelithiasis and other disorders of gallbladder (K80-K82),0,N/A,2400
9TH THRU 12TH GRADE; NO DIPLOMA,Cholelithiasis and other disorders of gallbladder (K80-K82),0,N/A,2403
HIGH SCHOOL GRADUATE OR GED,Cholelithiasis and other disorders of gallbladder (K80-K82),0,N/A,2406
COLLEGE BUT NO DEGREE,Cholelithiasis and other disorders of gallbladder (K80-K82),0,N/A,2409
ASSOCIATE DEGREE (E.G. AA AS),Cholelithiasis and other disorders of gallbladder (K80-K82),0,N/A,2412
BACHELORS DEGREE (E.G. BA AB BS),Cholelithiasis and other disorders of gallbladder (K80-K82),0,N/A,2415
MASTERS DEGREE (E.G. MA MS..),Cholelithiasis and other disorders of gallbladder (K80-K82),0,N/A,2418
DOCTORATE DEGREE OR PROFESSIONAL DEGREE,Cholelithiasis and other disorders of gallbladder (K80-K82),0,N/A,2421
UNKNOWN,Cholelithiasis and other disorders of gallbladder (K80-K82),0,N/A,2424
Total,Cholelithiasis and other disorders of gallbladder (K80-K82),0,N/A,2427
8TH GRADE OR LESS,Acute and rapidly progressive nephritic and nephrotic syndrome (N00-N01N04),0,N/A,2430
9TH THRU 12TH GRADE; NO DIPLOMA,Acute and rapidly progressive nephritic and nephrotic syndrome (N00-N01N04),0,N/A,2433
HIGH SCHOOL GRADUATE OR GED,Acute and rapidly progressive nephritic and nephrotic syndrome (N00-N01N04),0,N/A,2436
COLLEGE BUT NO DEGREE,Acute and rapidly progressive nephritic and nephrotic syndrome (N00-N01N04),0,N/A,2439
ASSOCIATE DEGREE (E.G. AA AS),Acute and rapidly progressive nephritic and nephrotic syndrome (N00-N01N04),0,N/A,2442
BACHELORS DEGREE (E.G. BA AB BS),Acute and rapidly progressive nephritic and nephrotic syndrome (N00-N01N04),0,N/A,2445
MASTERS DEGREE (E.G. MA MS..),Acute and rapidly progressive nephritic and nephrotic syndrome (N00-N01N04),0,N/A,2448
DOCTORATE DEGREE OR PROFESSIONAL DEGREE,Acute and rapidly progressive nephritic and nephrotic syndrome (N00-N01N04),0,N/A,2451
UNKNOWN,Acute and rapidly progressive nephritic and nephrotic syndrome (N00-N01N04),0,N/A,2454
Total,Acute and rapidly progressive nephritic and nephrotic syndrome (N00-N01N04),0,N/A,2457
8TH GRADE OR LESS,Chronic glomerulonephritis nephritis and nephritis not specified as acute or chronicand renal sclerosis unspecified (N02-N03N05-N07N26),0,N/A,2460
9TH THRU 12TH GRADE; NO DIPLOMA,Chronic glomerulonephritis nephritis and nephritis not specified as acute or chronicand renal sclerosis unspecified (N02-N03N05-N07N26),0,N/A,2463
HIGH SCHOOL GRADUATE OR GED,Chronic glomerulonephritis nephritis and nephritis not specified as acute or chronicand renal sclerosis unspecified (N02-N03N05-N07N26),0,N/A,2466
COLLEGE BUT NO DEGREE,Chronic glomerulonephritis nephritis and nephritis not specified as acute or chronicand renal sclerosis unspecified (N02-N03N05-N07N26),0,N/A,2469
ASSOCIATE DEGREE (E.G. AA AS),Chronic glomerulonephritis nephritis and nephritis not specified as acute or chronicand renal sclerosis unspecified (N02-N03N05-N07N26),0,N/A,2472
BACHELORS DEGREE (E.G. BA AB BS),Chronic glomerulonephritis nephritis and nephritis not specified as acute or chronicand renal sclerosis unspecified (N02-N03N05-N07N26),0,N/A,2475
MASTERS DEGREE (E.G. MA MS..),Chronic glomerulonephritis nephritis and nephritis not specified as acute or chronicand renal sclerosis unspecified (N02-N03N05-N07N26),0,N/A,2478
DOCTORATE DEGREE OR PROFESSIONAL DEGREE,Chronic glomerulonephritis nephritis and nephritis not specified as acute or chronicand renal sclerosis unspecified (N02-N03N05-N07N26),0,N/A,2481
UNKNOWN,Chronic glomerulonephritis nephritis and nephritis not specified as acute or chronicand renal sclerosis unspecified (N02-N03N05-N07N26),0,N/A,2484
Total,Chronic glomerulonephritis nephritis and nephritis not specified as acute or chronicand renal sclerosis unspecified (N02-N03N05-N07N26),0,N/A,2487
8TH GRADE OR LESS,Renal failure (N17-N19),0,N/A,2490
9TH THRU 12TH GRADE; NO DIPLOMA,Renal failure (N17-N19),1,N/A,2493
HIGH SCHOOL GRADUATE OR GED,Renal failure (N17-N19),3,N/A,2496
COLLEGE BUT NO DEGREE,Renal failure (N17-N19),1,N/A,2499
ASSOCIATE DEGREE (E.G. AA AS),Renal failure (N17-N19),1,N/A,2502
BACHELORS DEGREE (E.G. BA AB BS),Renal failure (N17-N19),0,N/A,2505
MASTERS DEGREE (E.G. MA MS..),Renal failure (N17-N19),1,N/A,2508
DOCTORATE DEGREE OR PROFESSIONAL DEGREE,Renal failure (N17-N19),0,N/A,2511
UNKNOWN,Renal failure (N17-N19),1,N/A,2514
Total,Renal failure (N17-N19),8,N/A,2517
8TH GRADE OR LESS,Other disorders of kidney (N25N27),0,N/A,2520
9TH THRU 12TH GRADE; NO DIPLOMA,Other disorders of kidney (N25N27),0,N/A,2523
HIGH SCHOOL GRADUATE OR GED,Other disorders of kidney (N25N27),0,N/A,2526
COLLEGE BUT NO DEGREE,Other disorders of kidney (N25N27),0,N/A,2529
ASSOCIATE DEGREE (E.G. AA AS),Other disorders of kidney (N25N27),0,N/A,2532
BACHELORS DEGREE (E.G. BA AB BS),Other disorders of kidney (N25N27),0,N/A,2535
MASTERS DEGREE (E.G. MA MS..),Other disorders of kidney (N25N27),0,N/A,2538
DOCTORATE DEGREE OR PROFESSIONAL DEGREE,Other disorders of kidney (N25N27),0,N/A,2541
UNKNOWN,Other disorders of kidney (N25N27),0,N/A,2544
Total,Other disorders of kidney (N25N27),0,N/A,2547
8TH GRADE OR LESS,Infections of kidney (N10-N12N13.6N15.1),0,N/A,2550
9TH THRU 12TH GRADE; NO DIPLOMA,Infections of kidney (N10-N12N13.6N15.1),0,N/A,2553
HIGH SCHOOL GRADUATE OR GED,Infections of kidney (N10-N12N13.6N15.1),0,N/A,2556
COLLEGE BUT NO DEGREE,Infections of kidney (N10-N12N13.6N15.1),0,N/A,2559
ASSOCIATE DEGREE (E.G. AA AS),Infections of kidney (N10-N12N13.6N15.1),0,N/A,2562
BACHELORS DEGREE (E.G. BA AB BS),Infections of kidney (N10-N12N13.6N15.1),0,N/A,2565
MASTERS DEGREE (E.G. MA MS..),Infections of kidney (N10-N12N13.6N15.1),0,N/A,2568
DOCTORATE DEGREE OR PROFESSIONAL DEGREE,Infections of kidney (N10-N12N13.6N15.1),0,N/A,2571
UNKNOWN,Infections of kidney (N10-N12N13.6N15.1),0,N/A,2574
Total,Infections of kidney (N10-N12N13.6N15.1),0,N/A,2577
8TH GRADE OR LESS,Hyperplasia of prostate (N40),0,N/A,2580
9TH THRU 12TH GRADE; NO DIPLOMA,Hyperplasia of prostate (N40),0,N/A,2583
HIGH SCHOOL GRADUATE OR GED,Hyperplasia of prostate (N40),0,N/A,2586
COLLEGE BUT NO DEGREE,Hyperplasia of prostate (N40),0,N/A,2589
ASSOCIATE DEGREE (E.G. AA AS),Hyperplasia of prostate (N40),0,N/A,2592
BACHELORS DEGREE (E.G. BA AB BS),Hyperplasia of prostate (N40),0,N/A,2595
MASTERS DEGREE (E.G. MA MS..),Hyperplasia of prostate (N40),0,N/A,2598
DOCTORATE DEGREE OR PROFESSIONAL DEGREE,Hyperplasia of prostate (N40),0,N/A,2601
UNKNOWN,Hyperplasia of prostate (N40),0,N/A,2604
Total,Hyperplasia of prostate (N40),0,N/A,2607
8TH GRADE OR LESS,Inflammatory diseases of female pelvic organs (N70-N76),0,N/A,2610
9TH THRU 12TH GRADE; NO DIPLOMA,Inflammatory diseases of female pelvic organs (N70-N76),0,N/A,2613
HIGH SCHOOL GRADUATE OR GED,Inflammatory diseases of female pelvic organs (N70-N76),0,N/A,2616
COLLEGE BUT NO DEGREE,Inflammatory diseases of female pelvic organs (N70-N76),0,N/A,2619
ASSOCIATE DEGREE (E.G. AA AS),Inflammatory diseases of female pelvic organs (N70-N76),0,N/A,2622
BACHELORS DEGREE (E.G. BA AB BS),Inflammatory diseases of female pelvic organs (N70-N76),0,N/A,2625
MASTERS DEGREE (E.G. MA MS..),Inflammatory diseases of female pelvic organs (N70-N76),0,N/A,2628
DOCTORATE DEGREE OR PROFESSIONAL DEGREE,Inflammatory diseases of female pelvic organs (N70-N76),0,N/A,2631
UNKNOWN,Inflammatory diseases of female pelvic organs (N70-N76),0,N/A,2634
Total,Inflammatory diseases of female pelvic organs (N70-N76),0,N/A,2637
8TH GRADE OR LESS,Pregnancy with abortive outcome (O00-O07),0,N/A,2640
9TH THRU 12TH GRADE; NO DIPLOMA,Pregnancy with abortive outcome (O00-O07),0,N/A,2643
HIGH SCHOOL GRADUATE OR GED,Pregnancy with abortive outcome (O00-O07),0,N/A,2646
COLLEGE BUT NO DEGREE,Pregnancy with abortive outcome (O00-O07),0,N/A,2649
ASSOCIATE DEGREE (E.G. AA AS),Pregnancy with abortive outcome (O00-O07),0,N/A,2652
BACHELORS DEGREE (E.G. BA AB BS),Pregnancy with abortive outcome (O00-O07),0,N/A,2655
MASTERS DEGREE (E.G. MA MS..),Pregnancy with abortive outcome (O00-O07),0,N/A,2658
DOCTORATE DEGREE OR PROFESSIONAL DEGREE,Pregnancy with abortive outcome (O00-O07),0,N/A,2661
UNKNOWN,Pregnancy with abortive outcome (O00-O07),0,N/A,2664
Total,Pregnancy with abortive outcome (O00-O07),0,N/A,2667
8TH GRADE OR LESS,Other complications of pregnancy childbirth and the puerperium (O10-O99),0,N/A,2670
9TH THRU 12TH GRADE; NO DIPLOMA,Other complications of pregnancy childbirth and the puerperium (O10-O99),0,N/A,2673
HIGH SCHOOL GRADUATE OR GED,Other complications of pregnancy childbirth and the puerperium (O10-O99),0,N/A,2676
COLLEGE BUT NO DEGREE,Other complications of pregnancy childbirth and the puerperium (O10-O99),0,N/A,2679
ASSOCIATE DEGREE (E.G. AA AS),Other complications of pregnancy childbirth and the puerperium (O10-O99),1,N/A,2682
BACHELORS DEGREE (E.G. BA AB BS),Other complications of pregnancy childbirth and the puerperium (O10-O99),0,N/A,2685
MASTERS DEGREE (E.G. MA MS..),Other complications of pregnancy childbirth and the puerperium (O10-O99),0,N/A,2688
DOCTORATE DEGREE OR PROFESSIONAL DEGREE,Other complications of pregnancy childbirth and the puerperium (O10-O99),0,N/A,2691
UNKNOWN,Other complications of pregnancy childbirth and the puerperium (O10-O99),0,N/A,2694
Total,Other complications of pregnancy childbirth and the puerperium (O10-O99),1,N/A,2697
8TH GRADE OR LESS,Certain conditions originating in the perinatal period (P00-P96),0,N/A,2700
9TH THRU 12TH GRADE; NO DIPLOMA,Certain conditions originating in the perinatal period (P00-P96),0,N/A,2703
HIGH SCHOOL GRADUATE OR GED,Certain conditions originating in the perinatal period (P00-P96),0,N/A,2706
COLLEGE BUT NO DEGREE,Certain conditions originating in the perinatal period (P00-P96),0,N/A,2709
ASSOCIATE DEGREE (E.G. AA AS),Certain conditions originating in the perinatal period (P00-P96),0,N/A,2712
BACHELORS DEGREE (E.G. BA AB BS),Certain conditions originating in the perinatal period (P00-P96),0,N/A,2715
MASTERS DEGREE (E.G. MA MS..),Certain conditions originating in the perinatal period (P00-P96),0,N/A,2718
DOCTORATE DEGREE OR PROFESSIONAL DEGREE,Certain conditions originating in the perinatal period (P00-P96),0,N/A,2721
UNKNOWN,Certain conditions originating in the perinatal period (P00-P96),0,N/A,2724
Total,Certain conditions originating in the perinatal period (P00-P96),0,N/A,2727
8TH GRADE OR LESS,Congenital malformations deformations and chromosomal abnormalities (Q00-Q99),0,N/A,2730
9TH THRU 12TH GRADE; NO DIPLOMA,Congenital malformations deformations and chromosomal abnormalities (Q00-Q99),0,N/A,2733
HIGH SCHOOL GRADUATE OR GED,Congenital malformations deformations and chromosomal abnormalities (Q00-Q99),0,N/A,2736
COLLEGE BUT NO DEGREE,Congenital malformations deformations and chromosomal abnormalities (Q00-Q99),0,N/A,2739
ASSOCIATE DEGREE (E.G. AA AS),Congenital malformations deformations and chromosomal abnormalities (Q00-Q99),0,N/A,2742
BACHELORS DEGREE (E.G. BA AB BS),Congenital malformations deformations and chromosomal abnormalities (Q00-Q99),0,N/A,2745
MASTERS DEGREE (E.G. MA MS..),Congenital malformations deformations and chromosomal abnormalities (Q00-Q99),0,N/A,2748
DOCTORATE DEGREE OR PROFESSIONAL DEGREE,Congenital malformations deformations and chromosomal abnormalities (Q00-Q99),0,N/A,2751
UNKNOWN,Congenital malformations deformations and chromosomal abnormalities (Q00-Q99),0,N/A,2754
Total,Congenital malformations deformations and chromosomal abnormalities (Q00-Q99),0,N/A,2757
8TH GRADE OR LESS,Symptoms signs and abnormal clinical and laboratory findings not elsewhere classified (R00-R99),227,1.5,2760
9TH THRU 12TH GRADE; NO DIPLOMA,Symptoms signs and abnormal clinical and laboratory findings not elsewhere classified (R00-R99),456,3.1,2763
HIGH SCHOOL GRADUATE OR GED,Symptoms signs and abnormal clinical and laboratory findings not elsewhere classified (R00-R99),2070,13.6,2766
COLLEGE BUT NO DEGREE,Symptoms signs and abnormal clinical and laboratory findings not elsewhere classified (R00-R99),371,2.5,2769
ASSOCIATE DEGREE (E.G. AA AS),Symptoms signs and abnormal clinical and laboratory findings not elsewhere classified (R00-R99),212,1.4,2772
BACHELORS DEGREE (E.G. BA AB BS),Symptoms signs and abnormal clinical and laboratory findings not elsewhere classified (R00-R99),382,2.5,2775
MASTERS DEGREE (E.G. MA MS..),Symptoms signs and abnormal clinical and laboratory findings not elsewhere classified (R00-R99),131,0.9,2778
DOCTORATE DEGREE OR PROFESSIONAL DEGREE,Symptoms signs and abnormal clinical and laboratory findings not elsewhere classified (R00-R99),50,0.3,2781
UNKNOWN,Symptoms signs and abnormal clinical and laboratory findings not elsewhere classified (R00-R99),42,0.3,2784
Total,Symptoms signs and abnormal clinical and laboratory findings not elsewhere classified (R00-R99),3941,26.1,2787
8TH GRADE OR LESS,All other diseases (Residual) (D65-E07E15-E34E65-F99G04-G12G23-G25G31-H93K00-K22K29-K31K50-K66K71-K72K75-K76K83-M99N13.0-N13.5N13.7-N13.9N14N15.0N15.8-N15.9N20-N23N28-N39N41-N64N80-N98),4,N/A,2790
9TH THRU 12TH GRADE; NO DIPLOMA,All other diseases (Residual) (D65-E07E15-E34E65-F99G04-G12G23-G25G31-H93K00-K22K29-K31K50-K66K71-K72K75-K76K83-M99N13.0-N13.5N13.7-N13.9N14N15.0N15.8-N15.9N20-N23N28-N39N41-N64N80-N98),7,N/A,2793
HIGH SCHOOL GRADUATE OR GED,All other diseases (Residual) (D65-E07E15-E34E65-F99G04-G12G23-G25G31-H93K00-K22K29-K31K50-K66K71-K72K75-K76K83-M99N13.0-N13.5N13.7-N13.9N14N15.0N15.8-N15.9N20-N23N28-N39N41-N64N80-N98),39,0.3,2796
COLLEGE BUT NO DEGREE,All other diseases (Residual) (D65-E07E15-E34E65-F99G04-G12G23-G25G31-H93K00-K22K29-K31K50-K66K71-K72K75-K76K83-M99N13.0-N13.5N13.7-N13.9N14N15.0N15.8-N15.9N20-N23N28-N39N41-N64N80-N98),4,N/A,2799
ASSOCIATE DEGREE (E.G. AA AS),All other diseases (Residual) (D65-E07E15-E34E65-F99G04-G12G23-G25G31-H93K00-K22K29-K31K50-K66K71-K72K75-K76K83-M99N13.0-N13.5N13.7-N13.9N14N15.0N15.8-N15.9N20-N23N28-N39N41-N64N80-N98),4,N/A,2802
BACHELORS DEGREE (E.G. BA AB BS),All other diseases (Residual) (D65-E07E15-E34E65-F99G04-G12G23-G25G31-H93K00-K22K29-K31K50-K66K71-K72K75-K76K83-M99N13.0-N13.5N13.7-N13.9N14N15.0N15.8-N15.9N20-N23N28-N39N41-N64N80-N98),7,N/A,2805
MASTERS DEGREE (E.G. MA MS..),All other diseases (Residual) (D65-E07E15-E34E65-F99G04-G12G23-G25G31-H93K00-K22K29-K31K50-K66K71-K72K75-K76K83-M99N13.0-N13.5N13.7-N13.9N14N15.0N15.8-N15.9N20-N23N28-N39N41-N64N80-N98),5,N/A,2808
DOCTORATE DEGREE OR PROFESSIONAL DEGREE,All other diseases (Residual) (D65-E07E15-E34E65-F99G04-G12G23-G25G31-H93K00-K22K29-K31K50-K66K71-K72K75-K76K83-M99N13.0-N13.5N13.7-N13.9N14N15.0N15.8-N15.9N20-N23N28-N39N41-N64N80-N98),0,N/A,2811
UNKNOWN,All other diseases (Residual) (D65-E07E15-E34E65-F99G04-G12G23-G25G31-H93K00-K22K29-K31K50-K66K71-K72K75-K76K83-M99N13.0-N13.5N13.7-N13.9N14N15.0N15.8-N15.9N20-N23N28-N39N41-N64N80-N98),1,N/A,2814
Total,All other diseases (Residual) (D65-E07E15-E34E65-F99G04-G12G23-G25G31-H93K00-K22K29-K31K50-K66K71-K72K75-K76K83-M99N13.0-N13.5N13.7-N13.9N14N15.0N15.8-N15.9N20-N23N28-N39N41-N64N80-N98),71,0.5,2817
8TH GRADE OR LESS,Motor vehicle accidents (V02-V04V09.0V09.2V12-V14V19.0-V19.2V19.4-V19.6V20-V79V80.3-V80.5V81.0-V81.1V82.0-V82.1V83-V86V87.0-V87.8V88.0-V88.8V89.0V89.2),0,N/A,2820
9TH THRU 12TH GRADE; NO DIPLOMA,Motor vehicle accidents (V02-V04V09.0V09.2V12-V14V19.0-V19.2V19.4-V19.6V20-V79V80.3-V80.5V81.0-V81.1V82.0-V82.1V83-V86V87.0-V87.8V88.0-V88.8V89.0V89.2),1,N/A,2823
HIGH SCHOOL GRADUATE OR GED,Motor vehicle accidents (V02-V04V09.0V09.2V12-V14V19.0-V19.2V19.4-V19.6V20-V79V80.3-V80.5V81.0-V81.1V82.0-V82.1V83-V86V87.0-V87.8V88.0-V88.8V89.0V89.2),3,N/A,2826
COLLEGE BUT NO DEGREE,Motor vehicle accidents (V02-V04V09.0V09.2V12-V14V19.0-V19.2V19.4-V19.6V20-V79V80.3-V80.5V81.0-V81.1V82.0-V82.1V83-V86V87.0-V87.8V88.0-V88.8V89.0V89.2),0,N/A,2829
ASSOCIATE DEGREE (E.G. AA AS),Motor vehicle accidents (V02-V04V09.0V09.2V12-V14V19.0-V19.2V19.4-V19.6V20-V79V80.3-V80.5V81.0-V81.1V82.0-V82.1V83-V86V87.0-V87.8V88.0-V88.8V89.0V89.2),0,N/A,2832
BACHELORS DEGREE (E.G. BA AB BS),Motor vehicle accidents (V02-V04V09.0V09.2V12-V14V19.0-V19.2V19.4-V19.6V20-V79V80.3-V80.5V81.0-V81.1V82.0-V82.1V83-V86V87.0-V87.8V88.0-V88.8V89.0V89.2),0,N/A,2835
MASTERS DEGREE (E.G. MA MS..),Motor vehicle accidents (V02-V04V09.0V09.2V12-V14V19.0-V19.2V19.4-V19.6V20-V79V80.3-V80.5V81.0-V81.1V82.0-V82.1V83-V86V87.0-V87.8V88.0-V88.8V89.0V89.2),0,N/A,2838
DOCTORATE DEGREE OR PROFESSIONAL DEGREE,Motor vehicle accidents (V02-V04V09.0V09.2V12-V14V19.0-V19.2V19.4-V19.6V20-V79V80.3-V80.5V81.0-V81.1V82.0-V82.1V83-V86V87.0-V87.8V88.0-V88.8V89.0V89.2),0,N/A,2841
UNKNOWN,Motor vehicle accidents (V02-V04V09.0V09.2V12-V14V19.0-V19.2V19.4-V19.6V20-V79V80.3-V80.5V81.0-V81.1V82.0-V82.1V83-V86V87.0-V87.8V88.0-V88.8V89.0V89.2),0,N/A,2844
Total,Motor vehicle accidents (V02-V04V09.0V09.2V12-V14V19.0-V19.2V19.4-V19.6V20-V79V80.3-V80.5V81.0-V81.1V82.0-V82.1V83-V86V87.0-V87.8V88.0-V88.8V89.0V89.2),4,N/A,2847
8TH GRADE OR LESS,Other land transport accidents (V01V05-V06V09.1V09.3-V09.9V10-V11V15-V18V19.3V19.8-V19.9V80.0-V80.2V80.6-V80.9V81.2-V81.9V82.2-V82.9V87.9V88.9V89.1V89.3V89.9),0,N/A,2850
9TH THRU 12TH GRADE; NO DIPLOMA,Other land transport accidents (V01V05-V06V09.1V09.3-V09.9V10-V11V15-V18V19.3V19.8-V19.9V80.0-V80.2V80.6-V80.9V81.2-V81.9V82.2-V82.9V87.9V88.9V89.1V89.3V89.9),0,N/A,2853
HIGH SCHOOL GRADUATE OR GED,Other land transport accidents (V01V05-V06V09.1V09.3-V09.9V10-V11V15-V18V19.3V19.8-V19.9V80.0-V80.2V80.6-V80.9V81.2-V81.9V82.2-V82.9V87.9V88.9V89.1V89.3V89.9),0,N/A,2856
COLLEGE BUT NO DEGREE,Other land transport accidents (V01V05-V06V09.1V09.3-V09.9V10-V11V15-V18V19.3V19.8-V19.9V80.0-V80.2V80.6-V80.9V81.2-V81.9V82.2-V82.9V87.9V88.9V89.1V89.3V89.9),0,N/A,2859
ASSOCIATE DEGREE (E.G. AA AS),Other land transport accidents (V01V05-V06V09.1V09.3-V09.9V10-V11V15-V18V19.3V19.8-V19.9V80.0-V80.2V80.6-V80.9V81.2-V81.9V82.2-V82.9V87.9V88.9V89.1V89.3V89.9),0,N/A,2862
BACHELORS DEGREE (E.G. BA AB BS),Other land transport accidents (V01V05-V06V09.1V09.3-V09.9V10-V11V15-V18V19.3V19.8-V19.9V80.0-V80.2V80.6-V80.9V81.2-V81.9V82.2-V82.9V87.9V88.9V89.1V89.3V89.9),0,N/A,2865
MASTERS DEGREE (E.G. MA MS..),Other land transport accidents (V01V05-V06V09.1V09.3-V09.9V10-V11V15-V18V19.3V19.8-V19.9V80.0-V80.2V80.6-V80.9V81.2-V81.9V82.2-V82.9V87.9V88.9V89.1V89.3V89.9),0,N/A,2868
DOCTORATE DEGREE OR PROFESSIONAL DEGREE,Other land transport accidents (V01V05-V06V09.1V09.3-V09.9V10-V11V15-V18V19.3V19.8-V19.9V80.0-V80.2V80.6-V80.9V81.2-V81.9V82.2-V82.9V87.9V88.9V89.1V89.3V89.9),0,N/A,2871
UNKNOWN,Other land transport accidents (V01V05-V06V09.1V09.3-V09.9V10-V11V15-V18V19.3V19.8-V19.9V80.0-V80.2V80.6-V80.9V81.2-V81.9V82.2-V82.9V87.9V88.9V89.1V89.3V89.9),0,N/A,2874
Total,Other land transport accidents (V01V05-V06V09.1V09.3-V09.9V10-V11V15-V18V19.3V19.8-V19.9V80.0-V80.2V80.6-V80.9V81.2-V81.9V82.2-V82.9V87.9V88.9V89.1V89.3V89.9),0,N/A,2877
8TH GRADE OR LESS,Water air and space and other and unspecified transport accidents and their sequelae (V90-V99Y85),0,N/A,2880
9TH THRU 12TH GRADE; NO DIPLOMA,Water air and space and other and unspecified transport accidents and their sequelae (V90-V99Y85),0,N/A,2883
HIGH SCHOOL GRADUATE OR GED,Water air and space and other and unspecified transport accidents and their sequelae (V90-V99Y85),0,N/A,2886
COLLEGE BUT NO DEGREE,Water air and space and other and unspecified transport accidents and their sequelae (V90-V99Y85),0,N/A,2889
ASSOCIATE DEGREE (E.G. AA AS),Water air and space and other and unspecified transport accidents and their sequelae (V90-V99Y85),0,N/A,2892
BACHELORS DEGREE (E.G. BA AB BS),Water air and space and other and unspecified transport accidents and their sequelae (V90-V99Y85),0,N/A,2895
MASTERS DEGREE (E.G. MA MS..),Water air and space and other and unspecified transport accidents and their sequelae (V90-V99Y85),0,N/A,2898
DOCTORATE DEGREE OR PROFESSIONAL DEGREE,Water air and space and other and unspecified transport accidents and their sequelae (V90-V99Y85),0,N/A,2901
UNKNOWN,Water air and space and other and unspecified transport accidents and their sequelae (V90-V99Y85),0,N/A,2904
Total,Water air and space and other and unspecified transport accidents and their sequelae (V90-V99Y85),0,N/A,2907
8TH GRADE OR LESS,Falls (W00-W19),0,N/A,2910
9TH THRU 12TH GRADE; NO DIPLOMA,Falls (W00-W19),1,N/A,2913
HIGH SCHOOL GRADUATE OR GED,Falls (W00-W19),0,N/A,2916
COLLEGE BUT NO DEGREE,Falls (W00-W19),0,N/A,2919
ASSOCIATE DEGREE (E.G. AA AS),Falls (W00-W19),1,N/A,2922
BACHELORS DEGREE (E.G. BA AB BS),Falls (W00-W19),1,N/A,2925
MASTERS DEGREE (E.G. MA MS..),Falls (W00-W19),0,N/A,2928
DOCTORATE DEGREE OR PROFESSIONAL DEGREE,Falls (W00-W19),0,N/A,2931
UNKNOWN,Falls (W00-W19),0,N/A,2934
Total,Falls (W00-W19),3,N/A,2937
8TH GRADE OR LESS,Accidental discharge of firearms (W32-W34),0,N/A,2940
9TH THRU 12TH GRADE; NO DIPLOMA,Accidental discharge of firearms (W32-W34),0,N/A,2943
HIGH SCHOOL GRADUATE OR GED,Accidental discharge of firearms (W32-W34),1,N/A,2946
COLLEGE BUT NO DEGREE,Accidental discharge of firearms (W32-W34),0,N/A,2949
ASSOCIATE DEGREE (E.G. AA AS),Accidental discharge of firearms (W32-W34),0,N/A,2952
BACHELORS DEGREE (E.G. BA AB BS),Accidental discharge of firearms (W32-W34),0,N/A,2955
MASTERS DEGREE (E.G. MA MS..),Accidental discharge of firearms (W32-W34),0,N/A,2958
DOCTORATE DEGREE OR PROFESSIONAL DEGREE,Accidental discharge of firearms (W32-W34),0,N/A,2961
UNKNOWN,Accidental discharge of firearms (W32-W34),0,N/A,2964
Total,Accidental discharge of firearms (W32-W34),1,N/A,2967
8TH GRADE OR LESS,Accidental drowning and submersion (W65-W74),0,N/A,2970
9TH THRU 12TH GRADE; NO DIPLOMA,Accidental drowning and submersion (W65-W74),0,N/A,2973
HIGH SCHOOL GRADUATE OR GED,Accidental drowning and submersion (W65-W74),0,N/A,2976
COLLEGE BUT NO DEGREE,Accidental drowning and submersion (W65-W74),0,N/A,2979
ASSOCIATE DEGREE (E.G. AA AS),Accidental drowning and submersion (W65-W74),0,N/A,2982
BACHELORS DEGREE (E.G. BA AB BS),Accidental drowning and submersion (W65-W74),0,N/A,2985
MASTERS DEGREE (E.G. MA MS..),Accidental drowning and submersion (W65-W74),0,N/A,2988
DOCTORATE DEGREE OR PROFESSIONAL DEGREE,Accidental drowning and submersion (W65-W74),0,N/A,2991
UNKNOWN,Accidental drowning and submersion (W65-W74),0,N/A,2994
Total,Accidental drowning and submersion (W65-W74),0,N/A,2997
8TH GRADE OR LESS,Accidental exposure to smoke fire and flames (X00-X09),0,N/A,3000
9TH THRU 12TH GRADE; NO DIPLOMA,Accidental exposure to smoke fire and flames (X00-X09),0,N/A,3003
HIGH SCHOOL GRADUATE OR GED,Accidental exposure to smoke fire and flames (X00-X09),0,N/A,3006
COLLEGE BUT NO DEGREE,Accidental exposure to smoke fire and flames (X00-X09),0,N/A,3009
ASSOCIATE DEGREE (E.G. AA AS),Accidental exposure to smoke fire and flames (X00-X09),0,N/A,3012
BACHELORS DEGREE (E.G. BA AB BS),Accidental exposure to smoke fire and flames (X00-X09),0,N/A,3015
MASTERS DEGREE (E.G. MA MS..),Accidental exposure to smoke fire and flames (X00-X09),0,N/A,3018
DOCTORATE DEGREE OR PROFESSIONAL DEGREE,Accidental exposure to smoke fire and flames (X00-X09),0,N/A,3021
UNKNOWN,Accidental exposure to smoke fire and flames (X00-X09),0,N/A,3024
Total,Accidental exposure to smoke fire and flames (X00-X09),0,N/A,3027
8TH GRADE OR LESS,Accidental poisoning and exposure to noxious substances (X40-X49),0,N/A,3030
9TH THRU 12TH GRADE; NO DIPLOMA,Accidental poisoning and exposure to noxious substances (X40-X49),1,N/A,3033
HIGH SCHOOL GRADUATE OR GED,Accidental poisoning and exposure to noxious substances (X40-X49),0,N/A,3036
COLLEGE BUT NO DEGREE,Accidental poisoning and exposure to noxious substances (X40-X49),0,N/A,3039
ASSOCIATE DEGREE (E.G. AA AS),Accidental poisoning and exposure to noxious substances (X40-X49),1,N/A,3042
BACHELORS DEGREE (E.G. BA AB BS),Accidental poisoning and exposure to noxious substances (X40-X49),0,N/A,3045
MASTERS DEGREE (E.G. MA MS..),Accidental poisoning and exposure to noxious substances (X40-X49),0,N/A,3048
DOCTORATE DEGREE OR PROFESSIONAL DEGREE,Accidental poisoning and exposure to noxious substances (X40-X49),0,N/A,3051
UNKNOWN,Accidental poisoning and exposure to noxious substances (X40-X49),0,N/A,3054
Total,Accidental poisoning and exposure to noxious substances (X40-X49),2,N/A,3057
8TH GRADE OR LESS,Other and unspecified nontransport accidents and their sequelae (W20-W31W35-W64W75-W99X10-X39X50-X59Y86),0,N/A,3060
9TH THRU 12TH GRADE; NO DIPLOMA,Other and unspecified nontransport accidents and their sequelae (W20-W31W35-W64W75-W99X10-X39X50-X59Y86),0,N/A,3063
HIGH SCHOOL GRADUATE OR GED,Other and unspecified nontransport accidents and their sequelae (W20-W31W35-W64W75-W99X10-X39X50-X59Y86),1,N/A,3066
COLLEGE BUT NO DEGREE,Other and unspecified nontransport accidents and their sequelae (W20-W31W35-W64W75-W99X10-X39X50-X59Y86),0,N/A,3069
ASSOCIATE DEGREE (E.G. AA AS),Other and unspecified nontransport accidents and their sequelae (W20-W31W35-W64W75-W99X10-X39X50-X59Y86),0,N/A,3072
BACHELORS DEGREE (E.G. BA AB BS),Other and unspecified nontransport accidents and their sequelae (W20-W31W35-W64W75-W99X10-X39X50-X59Y86),1,N/A,3075
MASTERS DEGREE (E.G. MA MS..),Other and unspecified nontransport accidents and their sequelae (W20-W31W35-W64W75-W99X10-X39X50-X59Y86),1,N/A,3078
DOCTORATE DEGREE OR PROFESSIONAL DEGREE,Other and unspecified nontransport accidents and their sequelae (W20-W31W35-W64W75-W99X10-X39X50-X59Y86),0,N/A,3081
UNKNOWN,Other and unspecified nontransport accidents and their sequelae (W20-W31W35-W64W75-W99X10-X39X50-X59Y86),0,N/A,3084
Total,Other and unspecified nontransport accidents and their sequelae (W20-W31W35-W64W75-W99X10-X39X50-X59Y86),3,N/A,3087
8TH GRADE OR LESS,Intentional self-harm (suicide) by discharge of firearms (X72-X74),0,N/A,3090
9TH THRU 12TH GRADE; NO DIPLOMA,Intentional self-harm (suicide) by discharge of firearms (X72-X74),1,N/A,3093
HIGH SCHOOL GRADUATE OR GED,Intentional self-harm (suicide) by discharge of firearms (X72-X74),2,N/A,3096
COLLEGE BUT NO DEGREE,Intentional self-harm (suicide) by discharge of firearms (X72-X74),0,N/A,3099
ASSOCIATE DEGREE (E.G. AA AS),Intentional self-harm (suicide) by discharge of firearms (X72-X74),0,N/A,3102
BACHELORS DEGREE (E.G. BA AB BS),Intentional self-harm (suicide) by discharge of firearms (X72-X74),2,N/A,3105
MASTERS DEGREE (E.G. MA MS..),Intentional self-harm (suicide) by discharge of firearms (X72-X74),0,N/A,3108
DOCTORATE DEGREE OR PROFESSIONAL DEGREE,Intentional self-harm (suicide) by discharge of firearms (X72-X74),0,N/A,3111
UNKNOWN,Intentional self-harm (suicide) by discharge of firearms (X72-X74),1,N/A,3114
Total,Intentional self-harm (suicide) by discharge of firearms (X72-X74),6,N/A,3117
8TH GRADE OR LESS,Intentional self-harm (suicide) by other and unspecified means and their sequelae (*U03X60-X71X75-X84Y87.0),0,N/A,3120
9TH THRU 12TH GRADE; NO DIPLOMA,Intentional self-harm (suicide) by other and unspecified means and their sequelae (*U03X60-X71X75-X84Y87.0),1,N/A,3123
HIGH SCHOOL GRADUATE OR GED,Intentional self-harm (suicide) by other and unspecified means and their sequelae (*U03X60-X71X75-X84Y87.0),0,N/A,3126
COLLEGE BUT NO DEGREE,Intentional self-harm (suicide) by other and unspecified means and their sequelae (*U03X60-X71X75-X84Y87.0),0,N/A,3129
ASSOCIATE DEGREE (E.G. AA AS),Intentional self-harm (suicide) by other and unspecified means and their sequelae (*U03X60-X71X75-X84Y87.0),0,N/A,3132
BACHELORS DEGREE (E.G. BA AB BS),Intentional self-harm (suicide) by other and unspecified means and their sequelae (*U03X60-X71X75-X84Y87.0),0,N/A,3135
MASTERS DEGREE (E.G. MA MS..),Intentional self-harm (suicide) by other and unspecified means and their sequelae (*U03X60-X71X75-X84Y87.0),0,N/A,3138
DOCTORATE DEGREE OR PROFESSIONAL DEGREE,Intentional self-harm (suicide) by other and unspecified means and their sequelae (*U03X60-X71X75-X84Y87.0),0,N/A,3141
UNKNOWN,Intentional self-harm (suicide) by other and unspecified means and their sequelae (*U03X60-X71X75-X84Y87.0),0,N/A,3144
Total,Intentional self-harm (suicide) by other and unspecified means and their sequelae (*U03X60-X71X75-X84Y87.0),1,N/A,3147
8TH GRADE OR LESS,Assault (homicide) by discharge of firearms (*U01.4X93-X95),0,N/A,3150
9TH THRU 12TH GRADE; NO DIPLOMA,Assault (homicide) by discharge of firearms (*U01.4X93-X95),1,N/A,3153
HIGH SCHOOL GRADUATE OR GED,Assault (homicide) by discharge of firearms (*U01.4X93-X95),0,N/A,3156
COLLEGE BUT NO DEGREE,Assault (homicide) by discharge of firearms (*U01.4X93-X95),0,N/A,3159
ASSOCIATE DEGREE (E.G. AA AS),Assault (homicide) by discharge of firearms (*U01.4X93-X95),0,N/A,3162
BACHELORS DEGREE (E.G. BA AB BS),Assault (homicide) by discharge of firearms (*U01.4X93-X95),0,N/A,3165
MASTERS DEGREE (E.G. MA MS..),Assault (homicide) by discharge of firearms (*U01.4X93-X95),0,N/A,3168
DOCTORATE DEGREE OR PROFESSIONAL DEGREE,Assault (homicide) by discharge of firearms (*U01.4X93-X95),0,N/A,3171
UNKNOWN,Assault (homicide) by discharge of firearms (*U01.4X93-X95),0,N/A,3174
Total,Assault (homicide) by discharge of firearms (*U01.4X93-X95),1,N/A,3177
8TH GRADE OR LESS,Assault (homicide) by other and unspecified means and their sequelae (*U01.0-*U01.3*U01.5-*U01.9*U02X85-X92X96-Y09Y87.1),0,N/A,3180
9TH THRU 12TH GRADE; NO DIPLOMA,Assault (homicide) by other and unspecified means and their sequelae (*U01.0-*U01.3*U01.5-*U01.9*U02X85-X92X96-Y09Y87.1),0,N/A,3183
HIGH SCHOOL GRADUATE OR GED,Assault (homicide) by other and unspecified means and their sequelae (*U01.0-*U01.3*U01.5-*U01.9*U02X85-X92X96-Y09Y87.1),0,N/A,3186
COLLEGE BUT NO DEGREE,Assault (homicide) by other and unspecified means and their sequelae (*U01.0-*U01.3*U01.5-*U01.9*U02X85-X92X96-Y09Y87.1),0,N/A,3189
ASSOCIATE DEGREE (E.G. AA AS),Assault (homicide) by other and unspecified means and their sequelae (*U01.0-*U01.3*U01.5-*U01.9*U02X85-X92X96-Y09Y87.1),0,N/A,3192
BACHELORS DEGREE (E.G. BA AB BS),Assault (homicide) by other and unspecified means and their sequelae (*U01.0-*U01.3*U01.5-*U01.9*U02X85-X92X96-Y09Y87.1),0,N/A,3195
MASTERS DEGREE (E.G. MA MS..),Assault (homicide) by other and unspecified means and their sequelae (*U01.0-*U01.3*U01.5-*U01.9*U02X85-X92X96-Y09Y87.1),0,N/A,3198
DOCTORATE DEGREE OR PROFESSIONAL DEGREE,Assault (homicide) by other and unspecified means and their sequelae (*U01.0-*U01.3*U01.5-*U01.9*U02X85-X92X96-Y09Y87.1),0,N/A,3201
UNKNOWN,Assault (homicide) by other and unspecified means and their sequelae (*U01.0-*U01.3*U01.5-*U01.9*U02X85-X92X96-Y09Y87.1),0,N/A,3204
Total,Assault (homicide) by other and unspecified means and their sequelae (*U01.0-*U01.3*U01.5-*U01.9*U02X85-X92X96-Y09Y87.1),0,N/A,3207
8TH GRADE OR LESS,Legal intervention (Y35Y89.0),0,N/A,3210
9TH THRU 12TH GRADE; NO DIPLOMA,Legal intervention (Y35Y89.0),0,N/A,3213
HIGH SCHOOL GRADUATE OR GED,Legal intervention (Y35Y89.0),0,N/A,3216
COLLEGE BUT NO DEGREE,Legal intervention (Y35Y89.0),0,N/A,3219
ASSOCIATE DEGREE (E.G. AA AS),Legal intervention (Y35Y89.0),0,N/A,3222
BACHELORS DEGREE (E.G. BA AB BS),Legal intervention (Y35Y89.0),0,N/A,3225
MASTERS DEGREE (E.G. MA MS..),Legal intervention (Y35Y89.0),0,N/A,3228
DOCTORATE DEGREE OR PROFESSIONAL DEGREE,Legal intervention (Y35Y89.0),0,N/A,3231
UNKNOWN,Legal intervention (Y35Y89.0),0,N/A,3234
Total,Legal intervention (Y35Y89.0),0,N/A,3237
8TH GRADE OR LESS,Discharge of firearms undetermined intent (Y22-Y24),0,N/A,3240
9TH THRU 12TH GRADE; NO DIPLOMA,Discharge of firearms undetermined intent (Y22-Y24),0,N/A,3243
HIGH SCHOOL GRADUATE OR GED,Discharge of firearms undetermined intent (Y22-Y24),0,N/A,3246
COLLEGE BUT NO DEGREE,Discharge of firearms undetermined intent (Y22-Y24),0,N/A,3249
ASSOCIATE DEGREE (E.G. AA AS),Discharge of firearms undetermined intent (Y22-Y24),0,N/A,3252
BACHELORS DEGREE (E.G. BA AB BS),Discharge of firearms undetermined intent (Y22-Y24),0,N/A,3255
MASTERS DEGREE (E.G. MA MS..),Discharge of firearms undetermined intent (Y22-Y24),0,N/A,3258
DOCTORATE DEGREE OR PROFESSIONAL DEGREE,Discharge of firearms undetermined intent (Y22-Y24),0,N/A,3261
UNKNOWN,Discharge of firearms undetermined intent (Y22-Y24),0,N/A,3264
Total,Discharge of firearms undetermined intent (Y22-Y24),0,N/A,3267
8TH GRADE OR LESS,Other and unspecified events of undetermined intent and their sequelae (Y10-Y21Y25-Y34Y87.2Y89.9),0,N/A,3270
9TH THRU 12TH GRADE; NO DIPLOMA,Other and unspecified events of undetermined intent and their sequelae (Y10-Y21Y25-Y34Y87.2Y89.9),0,N/A,3273
HIGH SCHOOL GRADUATE OR GED,Other and unspecified events of undetermined intent and their sequelae (Y10-Y21Y25-Y34Y87.2Y89.9),0,N/A,3276
COLLEGE BUT NO DEGREE,Other and unspecified events of undetermined intent and their sequelae (Y10-Y21Y25-Y34Y87.2Y89.9),0,N/A,3279
ASSOCIATE DEGREE (E.G. AA AS),Other and unspecified events of undetermined intent and their sequelae (Y10-Y21Y25-Y34Y87.2Y89.9),0,N/A,3282
BACHELORS DEGREE (E.G. BA AB BS),Other and unspecified events of undetermined intent and their sequelae (Y10-Y21Y25-Y34Y87.2Y89.9),0,N/A,3285
MASTERS DEGREE (E.G. MA MS..),Other and unspecified events of undetermined intent and their sequelae (Y10-Y21Y25-Y34Y87.2Y89.9),0,N/A,3288
DOCTORATE DEGREE OR PROFESSIONAL DEGREE,Other and unspecified events of undetermined intent and their sequelae (Y10-Y21Y25-Y34Y87.2Y89.9),0,N/A,3291
UNKNOWN,Other and unspecified events of undetermined intent and their sequelae (Y10-Y21Y25-Y34Y87.2Y89.9),0,N/A,3294
Total,Other and unspecified events of undetermined intent and their sequelae (Y10-Y21Y25-Y34Y87.2Y89.9),0,N/A,3297
8TH GRADE OR LESS,Operations of war and their sequelae (Y36Y89.1),0,N/A,3300
9TH THRU 12TH GRADE; NO DIPLOMA,Operations of war and their sequelae (Y36Y89.1),0,N/A,3303
HIGH SCHOOL GRADUATE OR GED,Operations of war and their sequelae (Y36Y89.1),0,N/A,3306
COLLEGE BUT NO DEGREE,Operations of war and their sequelae (Y36Y89.1),0,N/A,3309
ASSOCIATE DEGREE (E.G. AA AS),Operations of war and their sequelae (Y36Y89.1),0,N/A,3312
BACHELORS DEGREE (E.G. BA AB BS),Operations of war and their sequelae (Y36Y89.1),0,N/A,3315
MASTERS DEGREE (E.G. MA MS..),Operations of war and their sequelae (Y36Y89.1),0,N/A,3318
DOCTORATE DEGREE OR PROFESSIONAL DEGREE,Operations of war and their sequelae (Y36Y89.1),0,N/A,3321
UNKNOWN,Operations of war and their sequelae (Y36Y89.1),0,N/A,3324
Total,Operations of war and their sequelae (Y36Y89.1),0,N/A,3327
8TH GRADE OR LESS,Complications of medical and surgical care (Y40-Y84Y88),0,N/A,3330
9TH THRU 12TH GRADE; NO DIPLOMA,Complications of medical and surgical care (Y40-Y84Y88),0,N/A,3333
HIGH SCHOOL GRADUATE OR GED,Complications of medical and surgical care (Y40-Y84Y88),0,N/A,3336
COLLEGE BUT NO DEGREE,Complications of medical and surgical care (Y40-Y84Y88),0,N/A,3339
ASSOCIATE DEGREE (E.G. AA AS),Complications of medical and surgical care (Y40-Y84Y88),0,N/A,3342
BACHELORS DEGREE (E.G. BA AB BS),Complications of medical and surgical care (Y40-Y84Y88),0,N/A,3345
MASTERS DEGREE (E.G. MA MS..),Complications of medical and surgical care (Y40-Y84Y88),0,N/A,3348
DOCTORATE DEGREE OR PROFESSIONAL DEGREE,Complications of medical and surgical care (Y40-Y84Y88),0,N/A,3351
UNKNOWN,Complications of medical and surgical care (Y40-Y84Y88),0,N/A,3354
Total,Complications of medical and surgical care (Y40-Y84Y88),0,N/A,3357
8TH GRADE OR LESS,Total,251,1.7,3360
9TH THRU 12TH GRADE; NO DIPLOMA,Total,509,3.4,3363
HIGH SCHOOL GRADUATE OR GED,Total,2363,15.6,3366
COLLEGE BUT NO DEGREE,Total,427,2.8,3369
ASSOCIATE DEGREE (E.G. AA AS),Total,245,1.6,3372
BACHELORS DEGREE (E.G. BA AB BS),Total,443,2.9,3375
MASTERS DEGREE (E.G. MA MS..),Total,168,1.1,3378
DOCTORATE DEGREE OR PROFESSIONAL DEGREE,Total,55,0.4,3381
UNKNOWN,Total,50,0.3,3384
Total,Total,4511,29.8,3387
