DeathRaceRaceDesc,DeathCOD113ICDCode113Desc,Deaths,DeathAgeAdjustedRate11,SORT
White,Salmonella infections (A01-A02),18,0.0,0
Black,Salmonella infections (A01-A02),3,N/A,3
American Indian or Alaskan Native,Salmonella infections (A01-A02),0,N/A,6
Asian or Pacific Islander,Salmonella infections (A01-A02),0,N/A,9
Other,Salmonella infections (A01-A02),0,N/A,12
Unknown,Salmonella infections (A01-A02),0,N/A,15
Total,Salmonella infections (A01-A02),21,0.0,18
White,Shigellosis and amebiasis (A03A06),3,N/A,21
Black,Shigellosis and amebiasis (A03A06),0,N/A,24
American Indian or Alaskan Native,Shigellosis and amebiasis (A03A06),0,N/A,27
Asian or Pacific Islander,Shigellosis and amebiasis (A03A06),0,N/A,30
Other,Shigellosis and amebiasis (A03A06),0,N/A,33
Unknown,Shigellosis and amebiasis (A03A06),0,N/A,36
Total,Shigellosis and amebiasis (A03A06),3,N/A,39
White,Certain other intestinal infections (A04A07-A09),5677,2.9,42
Black,Certain other intestinal infections (A04A07-A09),502,2.5,45
American Indian or Alaskan Native,Certain other intestinal infections (A04A07-A09),6,N/A,48
Asian or Pacific Islander,Certain other intestinal infections (A04A07-A09),25,1.1,51
Other,Certain other intestinal infections (A04A07-A09),0,N/A,54
Unknown,Certain other intestinal infections (A04A07-A09),9,N/A,57
Total,Certain other intestinal infections (A04A07-A09),6219,2.9,60
White,Respiratory tuberculosis (A16),80,0.0,63
Black,Respiratory tuberculosis (A16),34,0.2,66
American Indian or Alaskan Native,Respiratory tuberculosis (A16),0,N/A,69
Asian or Pacific Islander,Respiratory tuberculosis (A16),2,N/A,72
Other,Respiratory tuberculosis (A16),0,N/A,75
Unknown,Respiratory tuberculosis (A16),1,N/A,78
Total,Respiratory tuberculosis (A16),117,0.1,81
White,Other tuberculosis (A17-A19),58,0.0,84
Black,Other tuberculosis (A17-A19),15,0.1,87
American Indian or Alaskan Native,Other tuberculosis (A17-A19),0,N/A,90
Asian or Pacific Islander,Other tuberculosis (A17-A19),5,N/A,93
Other,Other tuberculosis (A17-A19),0,N/A,96
Unknown,Other tuberculosis (A17-A19),1,N/A,99
Total,Other tuberculosis (A17-A19),79,0.0,102
White,Whooping cough (A37),5,N/A,105
Black,Whooping cough (A37),1,N/A,108
American Indian or Alaskan Native,Whooping cough (A37),0,N/A,111
Asian or Pacific Islander,Whooping cough (A37),0,N/A,114
Other,Whooping cough (A37),0,N/A,117
Unknown,Whooping cough (A37),0,N/A,120
Total,Whooping cough (A37),6,N/A,123
White,Scarlet fever and erysipelas (A38A46),1,N/A,126
Black,Scarlet fever and erysipelas (A38A46),0,N/A,129
American Indian or Alaskan Native,Scarlet fever and erysipelas (A38A46),0,N/A,132
Asian or Pacific Islander,Scarlet fever and erysipelas (A38A46),0,N/A,135
Other,Scarlet fever and erysipelas (A38A46),0,N/A,138
Unknown,Scarlet fever and erysipelas (A38A46),0,N/A,141
Total,Scarlet fever and erysipelas (A38A46),1,N/A,144
White,Meningococcal infection (A39),16,0.0,147
Black,Meningococcal infection (A39),2,N/A,150
American Indian or Alaskan Native,Meningococcal infection (A39),0,N/A,153
Asian or Pacific Islander,Meningococcal infection (A39),1,N/A,156
Other,Meningococcal infection (A39),0,N/A,159
Unknown,Meningococcal infection (A39),0,N/A,162
Total,Meningococcal infection (A39),19,0.0,165
White,Septicemia (A40-A41),20378,10.8,168
Black,Septicemia (A40-A41),3723,18.6,171
American Indian or Alaskan Native,Septicemia (A40-A41),21,4.2,174
Asian or Pacific Islander,Septicemia (A40-A41),126,5.8,177
Other,Septicemia (A40-A41),0,N/A,180
Unknown,Septicemia (A40-A41),101,N/A,183
Total,Septicemia (A40-A41),24349,11.5,186
White,Syphilis ((A50-A53),6,N/A,189
Black,Syphilis ((A50-A53),8,N/A,192
American Indian or Alaskan Native,Syphilis ((A50-A53),0,N/A,195
Asian or Pacific Islander,Syphilis ((A50-A53),0,N/A,198
Other,Syphilis ((A50-A53),0,N/A,201
Unknown,Syphilis ((A50-A53),0,N/A,204
Total,Syphilis ((A50-A53),14,0.0,207
White,Acute poliomyelitis (A80),1,N/A,210
Black,Acute poliomyelitis (A80),0,N/A,213
American Indian or Alaskan Native,Acute poliomyelitis (A80),0,N/A,216
Asian or Pacific Islander,Acute poliomyelitis (A80),0,N/A,219
Other,Acute poliomyelitis (A80),0,N/A,222
Unknown,Acute poliomyelitis (A80),0,N/A,225
Total,Acute poliomyelitis (A80),1,N/A,228
White,Arthropod-borne viral encephalitis (A83-A84A85.2),1,N/A,231
Black,Arthropod-borne viral encephalitis (A83-A84A85.2),0,N/A,234
American Indian or Alaskan Native,Arthropod-borne viral encephalitis (A83-A84A85.2),0,N/A,237
Asian or Pacific Islander,Arthropod-borne viral encephalitis (A83-A84A85.2),0,N/A,240
Other,Arthropod-borne viral encephalitis (A83-A84A85.2),0,N/A,243
Unknown,Arthropod-borne viral encephalitis (A83-A84A85.2),0,N/A,246
Total,Arthropod-borne viral encephalitis (A83-A84A85.2),1,N/A,249
White,Viral hepatitis (B15-B19),1972,1.1,252
Black,Viral hepatitis (B15-B19),548,2.3,255
American Indian or Alaskan Native,Viral hepatitis (B15-B19),2,N/A,258
Asian or Pacific Islander,Viral hepatitis (B15-B19),32,1.2,261
Other,Viral hepatitis (B15-B19),0,N/A,264
Unknown,Viral hepatitis (B15-B19),17,N/A,267
Total,Viral hepatitis (B15-B19),2571,1.2,270
White,Human immunodeficiency virus (HIV) disease (B20-B24),1032,0.7,273
Black,Human immunodeficiency virus (HIV) disease (B20-B24),917,4.2,276
American Indian or Alaskan Native,Human immunodeficiency virus (HIV) disease (B20-B24),2,N/A,279
Asian or Pacific Islander,Human immunodeficiency virus (HIV) disease (B20-B24),7,N/A,282
Other,Human immunodeficiency virus (HIV) disease (B20-B24),0,N/A,285
Unknown,Human immunodeficiency virus (HIV) disease (B20-B24),16,N/A,288
Total,Human immunodeficiency virus (HIV) disease (B20-B24),1974,1.1,291
White,Malaria (B50-B54),0,N/A,294
Black,Malaria (B50-B54),1,N/A,297
American Indian or Alaskan Native,Malaria (B50-B54),0,N/A,300
Asian or Pacific Islander,Malaria (B50-B54),0,N/A,303
Other,Malaria (B50-B54),0,N/A,306
Unknown,Malaria (B50-B54),0,N/A,309
Total,Malaria (B50-B54),1,N/A,312
White,Other and unspecified infectious and parasitic diseases and their sequelae (A00A05A20-A36A42-A44A48-A49A54-A79A81-A82A85.0-A85.1A85.8A86-B04B06-B09B25-B49B55-B99),3260,1.8,315
Black,Other and unspecified infectious and parasitic diseases and their sequelae (A00A05A20-A36A42-A44A48-A49A54-A79A81-A82A85.0-A85.1A85.8A86-B04B06-B09B25-B49B55-B99),467,2.2,318
American Indian or Alaskan Native,Other and unspecified infectious and parasitic diseases and their sequelae (A00A05A20-A36A42-A44A48-A49A54-A79A81-A82A85.0-A85.1A85.8A86-B04B06-B09B25-B49B55-B99),4,N/A,321
Asian or Pacific Islander,Other and unspecified infectious and parasitic diseases and their sequelae (A00A05A20-A36A42-A44A48-A49A54-A79A81-A82A85.0-A85.1A85.8A86-B04B06-B09B25-B49B55-B99),29,1.2,324
Other,Other and unspecified infectious and parasitic diseases and their sequelae (A00A05A20-A36A42-A44A48-A49A54-A79A81-A82A85.0-A85.1A85.8A86-B04B06-B09B25-B49B55-B99),0,N/A,327
Unknown,Other and unspecified infectious and parasitic diseases and their sequelae (A00A05A20-A36A42-A44A48-A49A54-A79A81-A82A85.0-A85.1A85.8A86-B04B06-B09B25-B49B55-B99),14,N/A,330
Total,Other and unspecified infectious and parasitic diseases and their sequelae (A00A05A20-A36A42-A44A48-A49A54-A79A81-A82A85.0-A85.1A85.8A86-B04B06-B09B25-B49B55-B99),3774,1.8,333
White,Malignant neoplasms of lip oral cavity and pharynx (C00-C14),4834,2.5,336
Black,Malignant neoplasms of lip oral cavity and pharynx (C00-C14),546,2.5,339
American Indian or Alaskan Native,Malignant neoplasms of lip oral cavity and pharynx (C00-C14),8,N/A,342
Asian or Pacific Islander,Malignant neoplasms of lip oral cavity and pharynx (C00-C14),41,1.6,345
Other,Malignant neoplasms of lip oral cavity and pharynx (C00-C14),0,N/A,348
Unknown,Malignant neoplasms of lip oral cavity and pharynx (C00-C14),9,N/A,351
Total,Malignant neoplasms of lip oral cavity and pharynx (C00-C14),5438,2.5,354
White,Malignant neoplasm of esophagus (C15),9197,4.8,357
Black,Malignant neoplasm of esophagus (C15),715,3.4,360
American Indian or Alaskan Native,Malignant neoplasm of esophagus (C15),7,N/A,363
Asian or Pacific Islander,Malignant neoplasm of esophagus (C15),45,1.8,366
Other,Malignant neoplasm of esophagus (C15),0,N/A,369
Unknown,Malignant neoplasm of esophagus (C15),25,N/A,372
Total,Malignant neoplasm of esophagus (C15),9989,4.6,375
White,Malignant neoplasm of stomach (C16),4159,2.2,378
Black,Malignant neoplasm of stomach (C16),977,4.9,381
American Indian or Alaskan Native,Malignant neoplasm of stomach (C16),3,N/A,384
Asian or Pacific Islander,Malignant neoplasm of stomach (C16),106,4.1,387
Other,Malignant neoplasm of stomach (C16),0,N/A,390
Unknown,Malignant neoplasm of stomach (C16),29,N/A,393
Total,Malignant neoplasm of stomach (C16),5274,2.5,396
White,Malignant neoplasms of colon rectum and anus (C18-C21),27895,14.7,399
Black,Malignant neoplasms of colon rectum and anus (C18-C21),3651,17.8,402
American Indian or Alaskan Native,Malignant neoplasms of colon rectum and anus (C18-C21),23,4.8,405
Asian or Pacific Islander,Malignant neoplasms of colon rectum and anus (C18-C21),170,6.5,408
Other,Malignant neoplasms of colon rectum and anus (C18-C21),0,N/A,411
Unknown,Malignant neoplasms of colon rectum and anus (C18-C21),61,N/A,414
Total,Malignant neoplasms of colon rectum and anus (C18-C21),31800,14.9,417
White,Malignant neoplasms of liver and intrahepatic bile ducts (C22),9579,5.0,420
Black,Malignant neoplasms of liver and intrahepatic bile ducts (C22),1884,8.4,423
American Indian or Alaskan Native,Malignant neoplasms of liver and intrahepatic bile ducts (C22),14,2.4,426
Asian or Pacific Islander,Malignant neoplasms of liver and intrahepatic bile ducts (C22),165,6.1,429
Other,Malignant neoplasms of liver and intrahepatic bile ducts (C22),0,N/A,432
Unknown,Malignant neoplasms of liver and intrahepatic bile ducts (C22),69,N/A,435
Total,Malignant neoplasms of liver and intrahepatic bile ducts (C22),11711,5.4,438
White,Malignant neoplasm of pancreas (C25),20596,10.7,441
Black,Malignant neoplasm of pancreas (C25),2751,13.5,444
American Indian or Alaskan Native,Malignant neoplasm of pancreas (C25),20,3.5,447
Asian or Pacific Islander,Malignant neoplasm of pancreas (C25),142,5.8,450
Other,Malignant neoplasm of pancreas (C25),0,N/A,453
Unknown,Malignant neoplasm of pancreas (C25),70,N/A,456
Total,Malignant neoplasm of pancreas (C25),23579,10.9,459
White,Malignant neoplasm of larynx (C32),2176,1.1,462
Black,Malignant neoplasm of larynx (C32),345,1.6,465
American Indian or Alaskan Native,Malignant neoplasm of larynx (C32),8,N/A,468
Asian or Pacific Islander,Malignant neoplasm of larynx (C32),9,N/A,471
Other,Malignant neoplasm of larynx (C32),0,N/A,474
Unknown,Malignant neoplasm of larynx (C32),9,N/A,477
Total,Malignant neoplasm of larynx (C32),2547,1.2,480
White,Malignant neoplasms of trachea bronchus and lung (C33-C34),88068,45.9,483
Black,Malignant neoplasms of trachea bronchus and lung (C33-C34),10400,50.3,486
American Indian or Alaskan Native,Malignant neoplasms of trachea bronchus and lung (C33-C34),98,17.9,489
Asian or Pacific Islander,Malignant neoplasms of trachea bronchus and lung (C33-C34),480,20.1,492
Other,Malignant neoplasms of trachea bronchus and lung (C33-C34),0,N/A,495
Unknown,Malignant neoplasms of trachea bronchus and lung (C33-C34),196,N/A,498
Total,Malignant neoplasms of trachea bronchus and lung (C33-C34),99242,46.0,501
White,Malignant melanoma of skin (C43),5203,2.8,504
Black,Malignant melanoma of skin (C43),67,0.3,507
American Indian or Alaskan Native,Malignant melanoma of skin (C43),1,N/A,510
Asian or Pacific Islander,Malignant melanoma of skin (C43),11,0.4,513
Other,Malignant melanoma of skin (C43),0,N/A,516
Unknown,Malignant melanoma of skin (C43),5,N/A,519
Total,Malignant melanoma of skin (C43),5287,2.5,522
White,Malignant neoplasm of breast (C50),21297,11.4,525
Black,Malignant neoplasm of breast (C50),3294,15.9,528
American Indian or Alaskan Native,Malignant neoplasm of breast (C50),13,2.6,531
Asian or Pacific Islander,Malignant neoplasm of breast (C50),155,5.5,534
Other,Malignant neoplasm of breast (C50),0,N/A,537
Unknown,Malignant neoplasm of breast (C50),64,N/A,540
Total,Malignant neoplasm of breast (C50),24823,11.8,543
White,Malignant neoplasm of cervix uteri (C53),1913,1.1,546
Black,Malignant neoplasm of cervix uteri (C53),354,1.7,549
American Indian or Alaskan Native,Malignant neoplasm of cervix uteri (C53),1,N/A,552
Asian or Pacific Islander,Malignant neoplasm of cervix uteri (C53),22,0.7,555
Other,Malignant neoplasm of cervix uteri (C53),0,N/A,558
Unknown,Malignant neoplasm of cervix uteri (C53),9,N/A,561
Total,Malignant neoplasm of cervix uteri (C53),2299,1.2,564
White,Malignant neoplasms of corpus uteri and uterus part unspecified (C54-C55),4784,2.5,567
Black,Malignant neoplasms of corpus uteri and uterus part unspecified (C54-C55),861,4.1,570
American Indian or Alaskan Native,Malignant neoplasms of corpus uteri and uterus part unspecified (C54-C55),4,N/A,573
Asian or Pacific Islander,Malignant neoplasms of corpus uteri and uterus part unspecified (C54-C55),42,1.6,576
Other,Malignant neoplasms of corpus uteri and uterus part unspecified (C54-C55),0,N/A,579
Unknown,Malignant neoplasms of corpus uteri and uterus part unspecified (C54-C55),9,N/A,582
Total,Malignant neoplasms of corpus uteri and uterus part unspecified (C54-C55),5700,2.6,585
White,Malignant neoplasm of ovary (C56),7213,3.8,588
Black,Malignant neoplasm of ovary (C56),609,3.0,591
American Indian or Alaskan Native,Malignant neoplasm of ovary (C56),5,N/A,594
Asian or Pacific Islander,Malignant neoplasm of ovary (C56),52,1.7,597
Other,Malignant neoplasm of ovary (C56),0,N/A,600
Unknown,Malignant neoplasm of ovary (C56),14,N/A,603
Total,Malignant neoplasm of ovary (C56),7893,3.7,606
White,Malignant neoplasm of prostate (C61),13573,7.0,609
Black,Malignant neoplasm of prostate (C61),2590,13.4,612
American Indian or Alaskan Native,Malignant neoplasm of prostate (C61),12,2.9,615
Asian or Pacific Islander,Malignant neoplasm of prostate (C61),55,2.6,618
Other,Malignant neoplasm of prostate (C61),0,N/A,621
Unknown,Malignant neoplasm of prostate (C61),31,N/A,624
Total,Malignant neoplasm of prostate (C61),16261,7.5,627
White,Malignant neoplasms of kidney and renal pelvis (C64-C65),7311,3.8,630
Black,Malignant neoplasms of kidney and renal pelvis (C64-C65),736,3.6,633
American Indian or Alaskan Native,Malignant neoplasms of kidney and renal pelvis (C64-C65),5,N/A,636
Asian or Pacific Islander,Malignant neoplasms of kidney and renal pelvis (C64-C65),29,1.0,639
Other,Malignant neoplasms of kidney and renal pelvis (C64-C65),0,N/A,642
Unknown,Malignant neoplasms of kidney and renal pelvis (C64-C65),12,N/A,645
Total,Malignant neoplasms of kidney and renal pelvis (C64-C65),8093,3.8,648
White,Malignant neoplasm of bladder (C67),9203,4.8,651
Black,Malignant neoplasm of bladder (C67),729,3.7,654
American Indian or Alaskan Native,Malignant neoplasm of bladder (C67),5,N/A,657
Asian or Pacific Islander,Malignant neoplasm of bladder (C67),36,1.7,660
Other,Malignant neoplasm of bladder (C67),0,N/A,663
Unknown,Malignant neoplasm of bladder (C67),19,N/A,666
Total,Malignant neoplasm of bladder (C67),9992,4.6,669
White,Malignant neoplasms of meninges brain and other parts of central nervous system (C70-C72),8094,4.5,672
Black,Malignant neoplasms of meninges brain and other parts of central nervous system (C70-C72),519,2.4,675
American Indian or Alaskan Native,Malignant neoplasms of meninges brain and other parts of central nervous system (C70-C72),6,N/A,678
Asian or Pacific Islander,Malignant neoplasms of meninges brain and other parts of central nervous system (C70-C72),66,2.2,681
Other,Malignant neoplasms of meninges brain and other parts of central nervous system (C70-C72),0,N/A,684
Unknown,Malignant neoplasms of meninges brain and other parts of central nervous system (C70-C72),23,N/A,687
Total,Malignant neoplasms of meninges brain and other parts of central nervous system (C70-C72),8708,4.2,690
White,Hodgkin's disease (C81),573,0.3,693
Black,Hodgkin's disease (C81),46,0.2,696
American Indian or Alaskan Native,Hodgkin's disease (C81),0,N/A,699
Asian or Pacific Islander,Hodgkin's disease (C81),1,N/A,702
Other,Hodgkin's disease (C81),0,N/A,705
Unknown,Hodgkin's disease (C81),4,N/A,708
Total,Hodgkin's disease (C81),624,0.3,711
White,Non-Hodgkin's lymphoma (C82-C85),11465,6.0,714
Black,Non-Hodgkin's lymphoma (C82-C85),794,3.9,717
American Indian or Alaskan Native,Non-Hodgkin's lymphoma (C82-C85),8,N/A,720
Asian or Pacific Islander,Non-Hodgkin's lymphoma (C82-C85),55,2.5,723
Other,Non-Hodgkin's lymphoma (C82-C85),0,N/A,726
Unknown,Non-Hodgkin's lymphoma (C82-C85),38,N/A,729
Total,Non-Hodgkin's lymphoma (C82-C85),12360,5.8,732
White,Leukemia (C91-C95),12189,6.5,735
Black,Leukemia (C91-C95),1089,5.4,738
American Indian or Alaskan Native,Leukemia (C91-C95),3,N/A,741
Asian or Pacific Islander,Leukemia (C91-C95),84,2.9,744
Other,Leukemia (C91-C95),0,N/A,747
Unknown,Leukemia (C91-C95),51,N/A,750
Total,Leukemia (C91-C95),13416,6.4,753
White,Multiple myeloma and immunoproliferative neoplasms (C88C90),5974,3.1,756
Black,Multiple myeloma and immunoproliferative neoplasms (C88C90),1207,6.0,759
American Indian or Alaskan Native,Multiple myeloma and immunoproliferative neoplasms (C88C90),4,N/A,762
Asian or Pacific Islander,Multiple myeloma and immunoproliferative neoplasms (C88C90),40,1.7,765
Other,Multiple myeloma and immunoproliferative neoplasms (C88C90),0,N/A,768
Unknown,Multiple myeloma and immunoproliferative neoplasms (C88C90),13,N/A,771
Total,Multiple myeloma and immunoproliferative neoplasms (C88C90),7238,3.4,774
White,Other and unspecified malignant neoplasms of lymphoid hematopoietic and related tissue (C96),24,0.0,777
Black,Other and unspecified malignant neoplasms of lymphoid hematopoietic and related tissue (C96),2,N/A,780
American Indian or Alaskan Native,Other and unspecified malignant neoplasms of lymphoid hematopoietic and related tissue (C96),0,N/A,783
Asian or Pacific Islander,Other and unspecified malignant neoplasms of lymphoid hematopoietic and related tissue (C96),0,N/A,786
Other,Other and unspecified malignant neoplasms of lymphoid hematopoietic and related tissue (C96),0,N/A,789
Unknown,Other and unspecified malignant neoplasms of lymphoid hematopoietic and related tissue (C96),0,N/A,792
Total,Other and unspecified malignant neoplasms of lymphoid hematopoietic and related tissue (C96),26,0.0,795
White,All other and unspecified malignant neoplasms (C17C23-C24C26-C31C37-C41C44-C49C51-C52C57-C60C62-C63C66C68-C69C73-C80C97),35318,18.7,798
Black,All other and unspecified malignant neoplasms (C17C23-C24C26-C31C37-C41C44-C49C51-C52C57-C60C62-C63C66C68-C69C73-C80C97),4041,19.7,801
American Indian or Alaskan Native,All other and unspecified malignant neoplasms (C17C23-C24C26-C31C37-C41C44-C49C51-C52C57-C60C62-C63C66C68-C69C73-C80C97),23,4.1,804
Asian or Pacific Islander,All other and unspecified malignant neoplasms (C17C23-C24C26-C31C37-C41C44-C49C51-C52C57-C60C62-C63C66C68-C69C73-C80C97),214,8.4,807
Other,All other and unspecified malignant neoplasms (C17C23-C24C26-C31C37-C41C44-C49C51-C52C57-C60C62-C63C66C68-C69C73-C80C97),0,N/A,810
Unknown,All other and unspecified malignant neoplasms (C17C23-C24C26-C31C37-C41C44-C49C51-C52C57-C60C62-C63C66C68-C69C73-C80C97),117,N/A,813
Total,All other and unspecified malignant neoplasms (C17C23-C24C26-C31C37-C41C44-C49C51-C52C57-C60C62-C63C66C68-C69C73-C80C97),39713,18.7,816
White,In situ neoplasms benign neoplasms and neoplasms of uncertain or unknown behavior (D00-D48),8702,4.6,819
Black,In situ neoplasms benign neoplasms and neoplasms of uncertain or unknown behavior (D00-D48),813,4.1,822
American Indian or Alaskan Native,In situ neoplasms benign neoplasms and neoplasms of uncertain or unknown behavior (D00-D48),2,N/A,825
Asian or Pacific Islander,In situ neoplasms benign neoplasms and neoplasms of uncertain or unknown behavior (D00-D48),62,2.6,828
Other,In situ neoplasms benign neoplasms and neoplasms of uncertain or unknown behavior (D00-D48),0,N/A,831
Unknown,In situ neoplasms benign neoplasms and neoplasms of uncertain or unknown behavior (D00-D48),25,N/A,834
Total,In situ neoplasms benign neoplasms and neoplasms of uncertain or unknown behavior (D00-D48),9604,4.5,837
White,Anemias (D50-D64),2577,1.3,840
Black,Anemias (D50-D64),560,2.7,843
American Indian or Alaskan Native,Anemias (D50-D64),1,N/A,846
Asian or Pacific Islander,Anemias (D50-D64),13,0.6,849
Other,Anemias (D50-D64),0,N/A,852
Unknown,Anemias (D50-D64),7,N/A,855
Total,Anemias (D50-D64),3158,1.5,858
White,Diabetes mellitus (E10-E14),42859,22.5,861
Black,Diabetes mellitus (E10-E14),8168,40.4,864
American Indian or Alaskan Native,Diabetes mellitus (E10-E14),49,9.8,867
Asian or Pacific Islander,Diabetes mellitus (E10-E14),266,11.6,870
Other,Diabetes mellitus (E10-E14),0,N/A,873
Unknown,Diabetes mellitus (E10-E14),147,N/A,876
Total,Diabetes mellitus (E10-E14),51489,24.1,879
White,Malnutrition (E40-E46),3324,1.7,882
Black,Malnutrition (E40-E46),396,2.1,885
American Indian or Alaskan Native,Malnutrition (E40-E46),3,N/A,888
Asian or Pacific Islander,Malnutrition (E40-E46),35,1.9,891
Other,Malnutrition (E40-E46),0,N/A,894
Unknown,Malnutrition (E40-E46),9,N/A,897
Total,Malnutrition (E40-E46),3767,1.7,900
White,Other nutritional deficiencies (E50-E64),95,0.0,903
Black,Other nutritional deficiencies (E50-E64),12,0.1,906
American Indian or Alaskan Native,Other nutritional deficiencies (E50-E64),0,N/A,909
Asian or Pacific Islander,Other nutritional deficiencies (E50-E64),2,N/A,912
Other,Other nutritional deficiencies (E50-E64),0,N/A,915
Unknown,Other nutritional deficiencies (E50-E64),1,N/A,918
Total,Other nutritional deficiencies (E50-E64),110,0.1,921
White,Meningitis (G00G03),221,0.1,924
Black,Meningitis (G00G03),67,0.3,927
American Indian or Alaskan Native,Meningitis (G00G03),0,N/A,930
Asian or Pacific Islander,Meningitis (G00G03),3,N/A,933
Other,Meningitis (G00G03),0,N/A,936
Unknown,Meningitis (G00G03),1,N/A,939
Total,Meningitis (G00G03),292,0.2,942
White,Parkinson's disease (G20-G21),15131,7.9,945
Black,Parkinson's disease (G20-G21),734,4.1,948
American Indian or Alaskan Native,Parkinson's disease (G20-G21),2,N/A,951
Asian or Pacific Islander,Parkinson's disease (G20-G21),60,3.3,954
Other,Parkinson's disease (G20-G21),0,N/A,957
Unknown,Parkinson's disease (G20-G21),29,N/A,960
Total,Parkinson's disease (G20-G21),15956,7.6,963
White,Alzheimer's disease (G30),58082,29.1,966
Black,Alzheimer's disease (G30),4543,25.3,969
American Indian or Alaskan Native,Alzheimer's disease (G30),27,7.2,972
Asian or Pacific Islander,Alzheimer's disease (G30),217,12.4,975
Other,Alzheimer's disease (G30),0,N/A,978
Unknown,Alzheimer's disease (G30),98,N/A,981
Total,Alzheimer's disease (G30),62967,28.7,984
White,Acute rheumatic fever and chronic rheumatic heart diseases (I00-I09),1777,0.9,987
Black,Acute rheumatic fever and chronic rheumatic heart diseases (I00-I09),180,0.9,990
American Indian or Alaskan Native,Acute rheumatic fever and chronic rheumatic heart diseases (I00-I09),2,N/A,993
Asian or Pacific Islander,Acute rheumatic fever and chronic rheumatic heart diseases (I00-I09),6,N/A,996
Other,Acute rheumatic fever and chronic rheumatic heart diseases (I00-I09),0,N/A,999
Unknown,Acute rheumatic fever and chronic rheumatic heart diseases (I00-I09),8,N/A,1002
Total,Acute rheumatic fever and chronic rheumatic heart diseases (I00-I09),1973,0.9,1005
White,Hypertensive heart disease (I11),19966,10.4,1008
Black,Hypertensive heart disease (I11),5116,24.6,1011
American Indian or Alaskan Native,Hypertensive heart disease (I11),14,2.5,1014
Asian or Pacific Islander,Hypertensive heart disease (I11),101,4.6,1017
Other,Hypertensive heart disease (I11),0,N/A,1020
Unknown,Hypertensive heart disease (I11),68,N/A,1023
Total,Hypertensive heart disease (I11),25265,11.8,1026
White,Hypertensive heart and renal disease (I13),2513,1.3,1029
Black,Hypertensive heart and renal disease (I13),764,3.8,1032
American Indian or Alaskan Native,Hypertensive heart and renal disease (I13),1,N/A,1035
Asian or Pacific Islander,Hypertensive heart and renal disease (I13),16,0.8,1038
Other,Hypertensive heart and renal disease (I13),0,N/A,1041
Unknown,Hypertensive heart and renal disease (I13),16,N/A,1044
Total,Hypertensive heart and renal disease (I13),3310,1.5,1047
White,Acute myocardial infarction (I21-I22),63559,33.0,1050
Black,Acute myocardial infarction (I21-I22),6130,30.7,1053
American Indian or Alaskan Native,Acute myocardial infarction (I21-I22),59,12.1,1056
Asian or Pacific Islander,Acute myocardial infarction (I21-I22),288,12.6,1059
Other,Acute myocardial infarction (I21-I22),0,N/A,1062
Unknown,Acute myocardial infarction (I21-I22),212,N/A,1065
Total,Acute myocardial infarction (I21-I22),70248,32.6,1068
White,Other acute ischemic heart diseases (I24),2666,1.4,1071
Black,Other acute ischemic heart diseases (I24),216,1.1,1074
American Indian or Alaskan Native,Other acute ischemic heart diseases (I24),2,N/A,1077
Asian or Pacific Islander,Other acute ischemic heart diseases (I24),6,N/A,1080
Other,Other acute ischemic heart diseases (I24),0,N/A,1083
Unknown,Other acute ischemic heart diseases (I24),7,N/A,1086
Total,Other acute ischemic heart diseases (I24),2897,1.4,1089
White,Atherosclerotic cardiovascular disease so described (I25.0),26159,13.7,1092
Black,Atherosclerotic cardiovascular disease so described (I25.0),4508,21.3,1095
American Indian or Alaskan Native,Atherosclerotic cardiovascular disease so described (I25.0),37,6.7,1098
Asian or Pacific Islander,Atherosclerotic cardiovascular disease so described (I25.0),151,5.7,1101
Other,Atherosclerotic cardiovascular disease so described (I25.0),0,N/A,1104
Unknown,Atherosclerotic cardiovascular disease so described (I25.0),119,N/A,1107
Total,Atherosclerotic cardiovascular disease so described (I25.0),30974,14.4,1110
White,All other forms of chronic ischemic heart disease (I20I25.1-I25.9),114010,58.3,1113
Black,All other forms of chronic ischemic heart disease (I20I25.1-I25.9),10587,54.3,1116
American Indian or Alaskan Native,All other forms of chronic ischemic heart disease (I20I25.1-I25.9),77,16.9,1119
Asian or Pacific Islander,All other forms of chronic ischemic heart disease (I20I25.1-I25.9),459,22.9,1122
Other,All other forms of chronic ischemic heart disease (I20I25.1-I25.9),0,N/A,1125
Unknown,All other forms of chronic ischemic heart disease (I20I25.1-I25.9),267,N/A,1128
Total,All other forms of chronic ischemic heart disease (I20I25.1-I25.9),125400,57.7,1131
White,Acute and subacute endocarditis (I33),805,0.5,1134
Black,Acute and subacute endocarditis (I33),160,0.7,1137
American Indian or Alaskan Native,Acute and subacute endocarditis (I33),1,N/A,1140
Asian or Pacific Islander,Acute and subacute endocarditis (I33),2,N/A,1143
Other,Acute and subacute endocarditis (I33),0,N/A,1146
Unknown,Acute and subacute endocarditis (I33),4,N/A,1149
Total,Acute and subacute endocarditis (I33),972,0.5,1152
White,Diseases of pericardium and acute myocarditis (I30-I31I40),440,0.2,1155
Black,Diseases of pericardium and acute myocarditis (I30-I31I40),74,0.3,1158
American Indian or Alaskan Native,Diseases of pericardium and acute myocarditis (I30-I31I40),0,N/A,1161
Asian or Pacific Islander,Diseases of pericardium and acute myocarditis (I30-I31I40),10,0.3,1164
Other,Diseases of pericardium and acute myocarditis (I30-I31I40),0,N/A,1167
Unknown,Diseases of pericardium and acute myocarditis (I30-I31I40),0,N/A,1170
Total,Diseases of pericardium and acute myocarditis (I30-I31I40),524,0.3,1173
White,Heart failure (I50),35641,17.9,1176
Black,Heart failure (I50),3751,19.5,1179
American Indian or Alaskan Native,Heart failure (I50),18,4.1,1182
Asian or Pacific Islander,Heart failure (I50),158,8.4,1185
Other,Heart failure (I50),0,N/A,1188
Unknown,Heart failure (I50),99,N/A,1191
Total,Heart failure (I50),39667,18.1,1194
White,All other forms of heart disease (I26-I28I34-I38I42-I49I51),72751,37.8,1197
Black,All other forms of heart disease (I26-I28I34-I38I42-I49I51),9324,46.3,1200
American Indian or Alaskan Native,All other forms of heart disease (I26-I28I34-I38I42-I49I51),48,9.7,1203
Asian or Pacific Islander,All other forms of heart disease (I26-I28I34-I38I42-I49I51),305,13.8,1206
Other,All other forms of heart disease (I26-I28I34-I38I42-I49I51),0,N/A,1209
Unknown,All other forms of heart disease (I26-I28I34-I38I42-I49I51),202,N/A,1212
Total,All other forms of heart disease (I26-I28I34-I38I42-I49I51),82630,38.6,1215
White,Essential (primary) hypertension and hypertensive renal disease (I10I12I15),15343,7.8,1218
Black,Essential (primary) hypertension and hypertensive renal disease (I10I12I15),3164,16.1,1221
American Indian or Alaskan Native,Essential (primary) hypertension and hypertensive renal disease (I10I12I15),12,2.8,1224
Asian or Pacific Islander,Essential (primary) hypertension and hypertensive renal disease (I10I12I15),87,4.5,1227
Other,Essential (primary) hypertension and hypertensive renal disease (I10I12I15),0,N/A,1230
Unknown,Essential (primary) hypertension and hypertensive renal disease (I10I12I15),39,N/A,1233
Total,Essential (primary) hypertension and hypertensive renal disease (I10I12I15),18645,8.6,1236
White,Cerebrovascular diseases (I60-I69),73115,37.6,1239
Black,Cerebrovascular diseases (I60-I69),9827,50.3,1242
American Indian or Alaskan Native,Cerebrovascular diseases (I60-I69),52,11.5,1245
Asian or Pacific Islander,Cerebrovascular diseases (I60-I69),654,30.8,1248
Other,Cerebrovascular diseases (I60-I69),0,N/A,1251
Unknown,Cerebrovascular diseases (I60-I69),239,N/A,1254
Total,Cerebrovascular diseases (I60-I69),83887,38.9,1257
White,Atherosclerosis (I70),3757,1.9,1260
Black,Atherosclerosis (I70),262,1.4,1263
American Indian or Alaskan Native,Atherosclerosis (I70),2,N/A,1266
Asian or Pacific Islander,Atherosclerosis (I70),9,N/A,1269
Other,Atherosclerosis (I70),0,N/A,1272
Unknown,Atherosclerosis (I70),3,N/A,1275
Total,Atherosclerosis (I70),4033,1.8,1278
White,Aortic aneurysm and dissection (I71),5803,3.1,1281
Black,Aortic aneurysm and dissection (I71),691,3.4,1284
American Indian or Alaskan Native,Aortic aneurysm and dissection (I71),5,N/A,1287
Asian or Pacific Islander,Aortic aneurysm and dissection (I71),39,1.7,1290
Other,Aortic aneurysm and dissection (I71),0,N/A,1293
Unknown,Aortic aneurysm and dissection (I71),23,N/A,1296
Total,Aortic aneurysm and dissection (I71),6561,3.1,1299
White,Other diseases of arteries arterioles and capillaries (I72-I78),5191,2.7,1302
Black,Other diseases of arteries arterioles and capillaries (I72-I78),806,4.1,1305
American Indian or Alaskan Native,Other diseases of arteries arterioles and capillaries (I72-I78),2,N/A,1308
Asian or Pacific Islander,Other diseases of arteries arterioles and capillaries (I72-I78),26,1.3,1311
Other,Other diseases of arteries arterioles and capillaries (I72-I78),0,N/A,1314
Unknown,Other diseases of arteries arterioles and capillaries (I72-I78),14,N/A,1317
Total,Other diseases of arteries arterioles and capillaries (I72-I78),6039,2.8,1320
White,Other disorders of circulatory system (I80-I99),2020,1.1,1323
Black,Other disorders of circulatory system (I80-I99),446,2.2,1326
American Indian or Alaskan Native,Other disorders of circulatory system (I80-I99),3,N/A,1329
Asian or Pacific Islander,Other disorders of circulatory system (I80-I99),6,N/A,1332
Other,Other disorders of circulatory system (I80-I99),0,N/A,1335
Unknown,Other disorders of circulatory system (I80-I99),15,N/A,1338
Total,Other disorders of circulatory system (I80-I99),2490,1.2,1341
White,Influenza (J09-J11),1905,1.0,1344
Black,Influenza (J09-J11),197,0.9,1347
American Indian or Alaskan Native,Influenza (J09-J11),1,N/A,1350
Asian or Pacific Islander,Influenza (J09-J11),14,0.6,1353
Other,Influenza (J09-J11),0,N/A,1356
Unknown,Influenza (J09-J11),12,N/A,1359
Total,Influenza (J09-J11),2129,1.0,1362
White,Pneumonia (J12-J18),25465,13.1,1365
Black,Pneumonia (J12-J18),2494,12.7,1368
American Indian or Alaskan Native,Pneumonia (J12-J18),20,4.3,1371
Asian or Pacific Islander,Pneumonia (J12-J18),144,7.1,1374
Other,Pneumonia (J12-J18),0,N/A,1377
Unknown,Pneumonia (J12-J18),68,N/A,1380
Total,Pneumonia (J12-J18),28191,13.1,1383
White,Acute bronchitis and bronchiolitis (J20-J21),143,0.1,1386
Black,Acute bronchitis and bronchiolitis (J20-J21),23,0.1,1389
American Indian or Alaskan Native,Acute bronchitis and bronchiolitis (J20-J21),0,N/A,1392
Asian or Pacific Islander,Acute bronchitis and bronchiolitis (J20-J21),2,N/A,1395
Other,Acute bronchitis and bronchiolitis (J20-J21),0,N/A,1398
Unknown,Acute bronchitis and bronchiolitis (J20-J21),0,N/A,1401
Total,Acute bronchitis and bronchiolitis (J20-J21),168,0.1,1404
White,Unspecified acute lower respiratory infection (J22U049U071),9504,4.9,1407
Black,Unspecified acute lower respiratory infection (J22U049U071),1441,7.4,1410
American Indian or Alaskan Native,Unspecified acute lower respiratory infection (J22U049U071),14,3.3,1413
Asian or Pacific Islander,Unspecified acute lower respiratory infection (J22U049U071),115,5.5,1416
Other,Unspecified acute lower respiratory infection (J22U049U071),0,N/A,1419
Unknown,Unspecified acute lower respiratory infection (J22U049U071),69,N/A,1422
Total,Unspecified acute lower respiratory infection (J22U049U071),11143,5.2,1425
White,Bronchitis chronic and unspecified (J40-J42),404,0.2,1428
Black,Bronchitis chronic and unspecified (J40-J42),56,0.2,1431
American Indian or Alaskan Native,Bronchitis chronic and unspecified (J40-J42),0,N/A,1434
Asian or Pacific Islander,Bronchitis chronic and unspecified (J40-J42),0,N/A,1437
Other,Bronchitis chronic and unspecified (J40-J42),0,N/A,1440
Unknown,Bronchitis chronic and unspecified (J40-J42),1,N/A,1443
Total,Bronchitis chronic and unspecified (J40-J42),461,0.2,1446
White,Emphysema (J43),6292,3.3,1449
Black,Emphysema (J43),420,2.1,1452
American Indian or Alaskan Native,Emphysema (J43),8,N/A,1455
Asian or Pacific Islander,Emphysema (J43),11,0.5,1458
Other,Emphysema (J43),0,N/A,1461
Unknown,Emphysema (J43),14,N/A,1464
Total,Emphysema (J43),6745,3.1,1467
White,Asthma (J45-J46),1338,0.8,1470
Black,Asthma (J45-J46),503,2.3,1473
American Indian or Alaskan Native,Asthma (J45-J46),1,N/A,1476
Asian or Pacific Islander,Asthma (J45-J46),14,0.5,1479
Other,Asthma (J45-J46),0,N/A,1482
Unknown,Asthma (J45-J46),7,N/A,1485
Total,Asthma (J45-J46),1863,1.0,1488
White,Other chronic lower respiratory diseases (J44J47),82163,42.6,1491
Black,Other chronic lower respiratory diseases (J44J47),5917,30.0,1494
American Indian or Alaskan Native,Other chronic lower respiratory diseases (J44J47),87,17.8,1497
Asian or Pacific Islander,Other chronic lower respiratory diseases (J44J47),200,10.1,1500
Other,Other chronic lower respiratory diseases (J44J47),0,N/A,1503
Unknown,Other chronic lower respiratory diseases (J44J47),115,N/A,1506
Total,Other chronic lower respiratory diseases (J44J47),88482,41.1,1509
White,Pneumoconioses and chemical effects (J60-J66J68),411,0.2,1512
Black,Pneumoconioses and chemical effects (J60-J66J68),15,0.1,1515
American Indian or Alaskan Native,Pneumoconioses and chemical effects (J60-J66J68),0,N/A,1518
Asian or Pacific Islander,Pneumoconioses and chemical effects (J60-J66J68),0,N/A,1521
Other,Pneumoconioses and chemical effects (J60-J66J68),0,N/A,1524
Unknown,Pneumoconioses and chemical effects (J60-J66J68),1,N/A,1527
Total,Pneumoconioses and chemical effects (J60-J66J68),427,0.2,1530
White,Pneumonitis due to solids and liquids (J69),10870,5.5,1533
Black,Pneumonitis due to solids and liquids (J69),1015,5.3,1536
American Indian or Alaskan Native,Pneumonitis due to solids and liquids (J69),4,N/A,1539
Asian or Pacific Islander,Pneumonitis due to solids and liquids (J69),64,3.3,1542
Other,Pneumonitis due to solids and liquids (J69),0,N/A,1545
Unknown,Pneumonitis due to solids and liquids (J69),26,N/A,1548
Total,Pneumonitis due to solids and liquids (J69),11979,5.5,1551
White,Other diseases of respiratory system (J00-J06J30-J39J67J70-J98),20516,10.8,1554
Black,Other diseases of respiratory system (J00-J06J30-J39J67J70-J98),2252,11.0,1557
American Indian or Alaskan Native,Other diseases of respiratory system (J00-J06J30-J39J67J70-J98),15,2.9,1560
Asian or Pacific Islander,Other diseases of respiratory system (J00-J06J30-J39J67J70-J98),149,6.8,1563
Other,Other diseases of respiratory system (J00-J06J30-J39J67J70-J98),0,N/A,1566
Unknown,Other diseases of respiratory system (J00-J06J30-J39J67J70-J98),86,N/A,1569
Total,Other diseases of respiratory system (J00-J06J30-J39J67J70-J98),23018,10.8,1572
White,Peptic ulcer (K25-K28),1679,0.9,1575
Black,Peptic ulcer (K25-K28),212,1.0,1578
American Indian or Alaskan Native,Peptic ulcer (K25-K28),4,N/A,1581
Asian or Pacific Islander,Peptic ulcer (K25-K28),16,0.8,1584
Other,Peptic ulcer (K25-K28),0,N/A,1587
Unknown,Peptic ulcer (K25-K28),1,N/A,1590
Total,Peptic ulcer (K25-K28),1912,0.9,1593
White,Diseases of appendix (K35-K38),173,0.1,1596
Black,Diseases of appendix (K35-K38),21,0.1,1599
American Indian or Alaskan Native,Diseases of appendix (K35-K38),0,N/A,1602
Asian or Pacific Islander,Diseases of appendix (K35-K38),3,N/A,1605
Other,Diseases of appendix (K35-K38),0,N/A,1608
Unknown,Diseases of appendix (K35-K38),1,N/A,1611
Total,Diseases of appendix (K35-K38),198,0.1,1614
White,Hernia (K40-K46),1024,0.5,1617
Black,Hernia (K40-K46),74,0.4,1620
American Indian or Alaskan Native,Hernia (K40-K46),1,N/A,1623
Asian or Pacific Islander,Hernia (K40-K46),2,N/A,1626
Other,Hernia (K40-K46),0,N/A,1629
Unknown,Hernia (K40-K46),0,N/A,1632
Total,Hernia (K40-K46),1101,0.5,1635
White,Alcoholic liver disease (K70),7717,4.4,1638
Black,Alcoholic liver disease (K70),982,4.3,1641
American Indian or Alaskan Native,Alcoholic liver disease (K70),21,3.2,1644
Asian or Pacific Islander,Alcoholic liver disease (K70),25,0.7,1647
Other,Alcoholic liver disease (K70),0,N/A,1650
Unknown,Alcoholic liver disease (K70),50,N/A,1653
Total,Alcoholic liver disease (K70),8795,4.4,1656
White,Other chronic liver disease and cirrhosis (K73-K74),9782,5.2,1659
Black,Other chronic liver disease and cirrhosis (K73-K74),1037,4.6,1662
American Indian or Alaskan Native,Other chronic liver disease and cirrhosis (K73-K74),19,3.1,1665
Asian or Pacific Islander,Other chronic liver disease and cirrhosis (K73-K74),67,2.7,1668
Other,Other chronic liver disease and cirrhosis (K73-K74),0,N/A,1671
Unknown,Other chronic liver disease and cirrhosis (K73-K74),52,N/A,1674
Total,Other chronic liver disease and cirrhosis (K73-K74),10957,5.2,1677
White,Cholelithiasis and other disorders of gallbladder (K80-K82),1763,0.9,1680
Black,Cholelithiasis and other disorders of gallbladder (K80-K82),179,0.9,1683
American Indian or Alaskan Native,Cholelithiasis and other disorders of gallbladder (K80-K82),2,N/A,1686
Asian or Pacific Islander,Cholelithiasis and other disorders of gallbladder (K80-K82),14,0.7,1689
Other,Cholelithiasis and other disorders of gallbladder (K80-K82),0,N/A,1692
Unknown,Cholelithiasis and other disorders of gallbladder (K80-K82),7,N/A,1695
Total,Cholelithiasis and other disorders of gallbladder (K80-K82),1965,0.9,1698
White,Acute and rapidly progressive nephritic and nephrotic syndrome (N00-N01N04),212,0.1,1701
Black,Acute and rapidly progressive nephritic and nephrotic syndrome (N00-N01N04),25,0.1,1704
American Indian or Alaskan Native,Acute and rapidly progressive nephritic and nephrotic syndrome (N00-N01N04),1,N/A,1707
Asian or Pacific Islander,Acute and rapidly progressive nephritic and nephrotic syndrome (N00-N01N04),2,N/A,1710
Other,Acute and rapidly progressive nephritic and nephrotic syndrome (N00-N01N04),0,N/A,1713
Unknown,Acute and rapidly progressive nephritic and nephrotic syndrome (N00-N01N04),1,N/A,1716
Total,Acute and rapidly progressive nephritic and nephrotic syndrome (N00-N01N04),241,0.1,1719
White,Chronic glomerulonephritis nephritis and nephritis not specified as acute or chronicand renal sclerosis unspecified (N02-N03N05-N07N26),794,0.4,1722
Black,Chronic glomerulonephritis nephritis and nephritis not specified as acute or chronicand renal sclerosis unspecified (N02-N03N05-N07N26),133,0.7,1725
American Indian or Alaskan Native,Chronic glomerulonephritis nephritis and nephritis not specified as acute or chronicand renal sclerosis unspecified (N02-N03N05-N07N26),1,N/A,1728
Asian or Pacific Islander,Chronic glomerulonephritis nephritis and nephritis not specified as acute or chronicand renal sclerosis unspecified (N02-N03N05-N07N26),6,N/A,1731
Other,Chronic glomerulonephritis nephritis and nephritis not specified as acute or chronicand renal sclerosis unspecified (N02-N03N05-N07N26),0,N/A,1734
Unknown,Chronic glomerulonephritis nephritis and nephritis not specified as acute or chronicand renal sclerosis unspecified (N02-N03N05-N07N26),0,N/A,1737
Total,Chronic glomerulonephritis nephritis and nephritis not specified as acute or chronicand renal sclerosis unspecified (N02-N03N05-N07N26),934,0.4,1740
White,Renal failure (N17-N19),22347,11.6,1743
Black,Renal failure (N17-N19),4816,24.4,1746
American Indian or Alaskan Native,Renal failure (N17-N19),24,5.1,1749
Asian or Pacific Islander,Renal failure (N17-N19),155,7.2,1752
Other,Renal failure (N17-N19),0,N/A,1755
Unknown,Renal failure (N17-N19),108,N/A,1758
Total,Renal failure (N17-N19),27450,12.8,1761
White,Other disorders of kidney (N25N27),9,N/A,1764
Black,Other disorders of kidney (N25N27),4,N/A,1767
American Indian or Alaskan Native,Other disorders of kidney (N25N27),0,N/A,1770
Asian or Pacific Islander,Other disorders of kidney (N25N27),1,N/A,1773
Other,Other disorders of kidney (N25N27),0,N/A,1776
Unknown,Other disorders of kidney (N25N27),0,N/A,1779
Total,Other disorders of kidney (N25N27),14,0.0,1782
White,Infections of kidney (N10-N12N13.6N15.1),319,0.2,1785
Black,Infections of kidney (N10-N12N13.6N15.1),48,0.2,1788
American Indian or Alaskan Native,Infections of kidney (N10-N12N13.6N15.1),0,N/A,1791
Asian or Pacific Islander,Infections of kidney (N10-N12N13.6N15.1),5,N/A,1794
Other,Infections of kidney (N10-N12N13.6N15.1),0,N/A,1797
Unknown,Infections of kidney (N10-N12N13.6N15.1),1,N/A,1800
Total,Infections of kidney (N10-N12N13.6N15.1),373,0.2,1803
White,Hyperplasia of prostate (N40),307,0.2,1806
Black,Hyperplasia of prostate (N40),31,0.2,1809
American Indian or Alaskan Native,Hyperplasia of prostate (N40),0,N/A,1812
Asian or Pacific Islander,Hyperplasia of prostate (N40),0,N/A,1815
Other,Hyperplasia of prostate (N40),0,N/A,1818
Unknown,Hyperplasia of prostate (N40),0,N/A,1821
Total,Hyperplasia of prostate (N40),338,0.2,1824
White,Inflammatory diseases of female pelvic organs (N70-N76),61,0.0,1827
Black,Inflammatory diseases of female pelvic organs (N70-N76),8,N/A,1830
American Indian or Alaskan Native,Inflammatory diseases of female pelvic organs (N70-N76),0,N/A,1833
Asian or Pacific Islander,Inflammatory diseases of female pelvic organs (N70-N76),2,N/A,1836
Other,Inflammatory diseases of female pelvic organs (N70-N76),0,N/A,1839
Unknown,Inflammatory diseases of female pelvic organs (N70-N76),0,N/A,1842
Total,Inflammatory diseases of female pelvic organs (N70-N76),71,0.0,1845
White,Pregnancy with abortive outcome (O00-O07),4,N/A,1848
Black,Pregnancy with abortive outcome (O00-O07),3,N/A,1851
American Indian or Alaskan Native,Pregnancy with abortive outcome (O00-O07),0,N/A,1854
Asian or Pacific Islander,Pregnancy with abortive outcome (O00-O07),0,N/A,1857
Other,Pregnancy with abortive outcome (O00-O07),0,N/A,1860
Unknown,Pregnancy with abortive outcome (O00-O07),0,N/A,1863
Total,Pregnancy with abortive outcome (O00-O07),7,N/A,1866
White,Other complications of pregnancy childbirth and the puerperium (O10-O99),322,0.2,1869
Black,Other complications of pregnancy childbirth and the puerperium (O10-O99),143,0.6,1872
American Indian or Alaskan Native,Other complications of pregnancy childbirth and the puerperium (O10-O99),0,N/A,1875
Asian or Pacific Islander,Other complications of pregnancy childbirth and the puerperium (O10-O99),8,N/A,1878
Other,Other complications of pregnancy childbirth and the puerperium (O10-O99),0,N/A,1881
Unknown,Other complications of pregnancy childbirth and the puerperium (O10-O99),3,N/A,1884
Total,Other complications of pregnancy childbirth and the puerperium (O10-O99),476,0.3,1887
White,Certain conditions originating in the perinatal period (P00-P96),4094,3.5,1890
Black,Certain conditions originating in the perinatal period (P00-P96),2944,10.3,1893
American Indian or Alaskan Native,Certain conditions originating in the perinatal period (P00-P96),8,N/A,1896
Asian or Pacific Islander,Certain conditions originating in the perinatal period (P00-P96),114,2.9,1899
Other,Certain conditions originating in the perinatal period (P00-P96),0,N/A,1902
Unknown,Certain conditions originating in the perinatal period (P00-P96),141,N/A,1905
Total,Certain conditions originating in the perinatal period (P00-P96),7301,4.9,1908
White,Congenital malformations deformations and chromosomal abnormalities (Q00-Q99),4583,3.4,1911
Black,Congenital malformations deformations and chromosomal abnormalities (Q00-Q99),979,3.7,1914
American Indian or Alaskan Native,Congenital malformations deformations and chromosomal abnormalities (Q00-Q99),7,N/A,1917
Asian or Pacific Islander,Congenital malformations deformations and chromosomal abnormalities (Q00-Q99),64,1.6,1920
Other,Congenital malformations deformations and chromosomal abnormalities (Q00-Q99),0,N/A,1923
Unknown,Congenital malformations deformations and chromosomal abnormalities (Q00-Q99),91,N/A,1926
Total,Congenital malformations deformations and chromosomal abnormalities (Q00-Q99),5724,3.4,1929
White,Symptoms signs and abnormal clinical and laboratory findings not elsewhere classified (R00-R99),30139,16.3,1932
Black,Symptoms signs and abnormal clinical and laboratory findings not elsewhere classified (R00-R99),4064,18.9,1935
American Indian or Alaskan Native,Symptoms signs and abnormal clinical and laboratory findings not elsewhere classified (R00-R99),29,5.3,1938
Asian or Pacific Islander,Symptoms signs and abnormal clinical and laboratory findings not elsewhere classified (R00-R99),213,9.1,1941
Other,Symptoms signs and abnormal clinical and laboratory findings not elsewhere classified (R00-R99),0,N/A,1944
Unknown,Symptoms signs and abnormal clinical and laboratory findings not elsewhere classified (R00-R99),170,N/A,1947
Total,Symptoms signs and abnormal clinical and laboratory findings not elsewhere classified (R00-R99),34615,16.7,1950
White,All other diseases (Residual) (D65-E07E15-E34E65-F99G04-G12G23-G25G31-H93K00-K22K29-K31K50-K66K71-K72K75-K76K83-M99N13.0-N13.5N13.7-N13.9N14N15.0N15.8-N15.9N20-N23N28-N39N41-N64N80-N98),173347,90.1,1953
Black,All other diseases (Residual) (D65-E07E15-E34E65-F99G04-G12G23-G25G31-H93K00-K22K29-K31K50-K66K71-K72K75-K76K83-M99N13.0-N13.5N13.7-N13.9N14N15.0N15.8-N15.9N20-N23N28-N39N41-N64N80-N98),20555,104.9,1956
American Indian or Alaskan Native,All other diseases (Residual) (D65-E07E15-E34E65-F99G04-G12G23-G25G31-H93K00-K22K29-K31K50-K66K71-K72K75-K76K83-M99N13.0-N13.5N13.7-N13.9N14N15.0N15.8-N15.9N20-N23N28-N39N41-N64N80-N98),131,27.1,1959
Asian or Pacific Islander,All other diseases (Residual) (D65-E07E15-E34E65-F99G04-G12G23-G25G31-H93K00-K22K29-K31K50-K66K71-K72K75-K76K83-M99N13.0-N13.5N13.7-N13.9N14N15.0N15.8-N15.9N20-N23N28-N39N41-N64N80-N98),743,35.6,1962
Other,All other diseases (Residual) (D65-E07E15-E34E65-F99G04-G12G23-G25G31-H93K00-K22K29-K31K50-K66K71-K72K75-K76K83-M99N13.0-N13.5N13.7-N13.9N14N15.0N15.8-N15.9N20-N23N28-N39N41-N64N80-N98),0,N/A,1965
Unknown,All other diseases (Residual) (D65-E07E15-E34E65-F99G04-G12G23-G25G31-H93K00-K22K29-K31K50-K66K71-K72K75-K76K83-M99N13.0-N13.5N13.7-N13.9N14N15.0N15.8-N15.9N20-N23N28-N39N41-N64N80-N98),482,N/A,1968
Total,All other diseases (Residual) (D65-E07E15-E34E65-F99G04-G12G23-G25G31-H93K00-K22K29-K31K50-K66K71-K72K75-K76K83-M99N13.0-N13.5N13.7-N13.9N14N15.0N15.8-N15.9N20-N23N28-N39N41-N64N80-N98),195258,91.1,1971
White,Motor vehicle accidents (V02-V04V09.0V09.2V12-V14V19.0-V19.2V19.4-V19.6V20-V79V80.3-V80.5V81.0-V81.1V82.0-V82.1V83-V86V87.0-V87.8V88.0-V88.8V89.0V89.2),14728,9.8,1974
Black,Motor vehicle accidents (V02-V04V09.0V09.2V12-V14V19.0-V19.2V19.4-V19.6V20-V79V80.3-V80.5V81.0-V81.1V82.0-V82.1V83-V86V87.0-V87.8V88.0-V88.8V89.0V89.2),2156,9.5,1977
American Indian or Alaskan Native,Motor vehicle accidents (V02-V04V09.0V09.2V12-V14V19.0-V19.2V19.4-V19.6V20-V79V80.3-V80.5V81.0-V81.1V82.0-V82.1V83-V86V87.0-V87.8V88.0-V88.8V89.0V89.2),11,1.9,1980
Asian or Pacific Islander,Motor vehicle accidents (V02-V04V09.0V09.2V12-V14V19.0-V19.2V19.4-V19.6V20-V79V80.3-V80.5V81.0-V81.1V82.0-V82.1V83-V86V87.0-V87.8V88.0-V88.8V89.0V89.2),150,4.1,1983
Other,Motor vehicle accidents (V02-V04V09.0V09.2V12-V14V19.0-V19.2V19.4-V19.6V20-V79V80.3-V80.5V81.0-V81.1V82.0-V82.1V83-V86V87.0-V87.8V88.0-V88.8V89.0V89.2),0,N/A,1986
Unknown,Motor vehicle accidents (V02-V04V09.0V09.2V12-V14V19.0-V19.2V19.4-V19.6V20-V79V80.3-V80.5V81.0-V81.1V82.0-V82.1V83-V86V87.0-V87.8V88.0-V88.8V89.0V89.2),206,N/A,1989
Total,Motor vehicle accidents (V02-V04V09.0V09.2V12-V14V19.0-V19.2V19.4-V19.6V20-V79V80.3-V80.5V81.0-V81.1V82.0-V82.1V83-V86V87.0-V87.8V88.0-V88.8V89.0V89.2),17251,9.7,1992
White,Other land transport accidents (V01V05-V06V09.1V09.3-V09.9V10-V11V15-V18V19.3V19.8-V19.9V80.0-V80.2V80.6-V80.9V81.2-V81.9V82.2-V82.9V87.9V88.9V89.1V89.3V89.9),342,0.2,1995
Black,Other land transport accidents (V01V05-V06V09.1V09.3-V09.9V10-V11V15-V18V19.3V19.8-V19.9V80.0-V80.2V80.6-V80.9V81.2-V81.9V82.2-V82.9V87.9V88.9V89.1V89.3V89.9),50,0.2,1998
American Indian or Alaskan Native,Other land transport accidents (V01V05-V06V09.1V09.3-V09.9V10-V11V15-V18V19.3V19.8-V19.9V80.0-V80.2V80.6-V80.9V81.2-V81.9V82.2-V82.9V87.9V88.9V89.1V89.3V89.9),2,N/A,2001
Asian or Pacific Islander,Other land transport accidents (V01V05-V06V09.1V09.3-V09.9V10-V11V15-V18V19.3V19.8-V19.9V80.0-V80.2V80.6-V80.9V81.2-V81.9V82.2-V82.9V87.9V88.9V89.1V89.3V89.9),5,N/A,2004
Other,Other land transport accidents (V01V05-V06V09.1V09.3-V09.9V10-V11V15-V18V19.3V19.8-V19.9V80.0-V80.2V80.6-V80.9V81.2-V81.9V82.2-V82.9V87.9V88.9V89.1V89.3V89.9),0,N/A,2007
Unknown,Other land transport accidents (V01V05-V06V09.1V09.3-V09.9V10-V11V15-V18V19.3V19.8-V19.9V80.0-V80.2V80.6-V80.9V81.2-V81.9V82.2-V82.9V87.9V88.9V89.1V89.3V89.9),6,N/A,2010
Total,Other land transport accidents (V01V05-V06V09.1V09.3-V09.9V10-V11V15-V18V19.3V19.8-V19.9V80.0-V80.2V80.6-V80.9V81.2-V81.9V82.2-V82.9V87.9V88.9V89.1V89.3V89.9),405,0.2,2013
White,Water air and space and other and unspecified transport accidents and their sequelae (V90-V99Y85),572,0.4,2016
Black,Water air and space and other and unspecified transport accidents and their sequelae (V90-V99Y85),84,0.4,2019
American Indian or Alaskan Native,Water air and space and other and unspecified transport accidents and their sequelae (V90-V99Y85),1,N/A,2022
Asian or Pacific Islander,Water air and space and other and unspecified transport accidents and their sequelae (V90-V99Y85),7,N/A,2025
Other,Water air and space and other and unspecified transport accidents and their sequelae (V90-V99Y85),0,N/A,2028
Unknown,Water air and space and other and unspecified transport accidents and their sequelae (V90-V99Y85),5,N/A,2031
Total,Water air and space and other and unspecified transport accidents and their sequelae (V90-V99Y85),669,0.4,2034
White,Falls (W00-W19),17215,8.9,2037
Black,Falls (W00-W19),955,4.9,2040
American Indian or Alaskan Native,Falls (W00-W19),8,N/A,2043
Asian or Pacific Islander,Falls (W00-W19),112,5.3,2046
Other,Falls (W00-W19),0,N/A,2049
Unknown,Falls (W00-W19),71,N/A,2052
Total,Falls (W00-W19),18361,8.6,2055
White,Accidental discharge of firearms (W32-W34),153,0.1,2058
Black,Accidental discharge of firearms (W32-W34),46,0.2,2061
American Indian or Alaskan Native,Accidental discharge of firearms (W32-W34),1,N/A,2064
Asian or Pacific Islander,Accidental discharge of firearms (W32-W34),1,N/A,2067
Other,Accidental discharge of firearms (W32-W34),0,N/A,2070
Unknown,Accidental discharge of firearms (W32-W34),3,N/A,2073
Total,Accidental discharge of firearms (W32-W34),204,0.1,2076
White,Accidental drowning and submersion (W65-W74),1105,0.8,2079
Black,Accidental drowning and submersion (W65-W74),258,1.1,2082
American Indian or Alaskan Native,Accidental drowning and submersion (W65-W74),0,N/A,2085
Asian or Pacific Islander,Accidental drowning and submersion (W65-W74),31,0.7,2088
Other,Accidental drowning and submersion (W65-W74),0,N/A,2091
Unknown,Accidental drowning and submersion (W65-W74),22,N/A,2094
Total,Accidental drowning and submersion (W65-W74),1416,0.8,2097
White,Accidental exposure to smoke fire and flames (X00-X09),1293,0.8,2100
Black,Accidental exposure to smoke fire and flames (X00-X09),309,1.4,2103
American Indian or Alaskan Native,Accidental exposure to smoke fire and flames (X00-X09),0,N/A,2106
Asian or Pacific Islander,Accidental exposure to smoke fire and flames (X00-X09),3,N/A,2109
Other,Accidental exposure to smoke fire and flames (X00-X09),0,N/A,2112
Unknown,Accidental exposure to smoke fire and flames (X00-X09),9,N/A,2115
Total,Accidental exposure to smoke fire and flames (X00-X09),1614,0.8,2118
White,Accidental poisoning and exposure to noxious substances (X40-X49),34318,24.7,2121
Black,Accidental poisoning and exposure to noxious substances (X40-X49),4814,21.7,2124
American Indian or Alaskan Native,Accidental poisoning and exposure to noxious substances (X40-X49),62,9.8,2127
Asian or Pacific Islander,Accidental poisoning and exposure to noxious substances (X40-X49),103,2.4,2130
Other,Accidental poisoning and exposure to noxious substances (X40-X49),0,N/A,2133
Unknown,Accidental poisoning and exposure to noxious substances (X40-X49),260,N/A,2136
Total,Accidental poisoning and exposure to noxious substances (X40-X49),39557,23.6,2139
White,Other and unspecified nontransport accidents and their sequelae (W20-W31W35-W64W75-W99X10-X39X50-X59Y86),9133,5.2,2142
Black,Other and unspecified nontransport accidents and their sequelae (W20-W31W35-W64W75-W99X10-X39X50-X59Y86),1277,5.8,2145
American Indian or Alaskan Native,Other and unspecified nontransport accidents and their sequelae (W20-W31W35-W64W75-W99X10-X39X50-X59Y86),8,N/A,2148
Asian or Pacific Islander,Other and unspecified nontransport accidents and their sequelae (W20-W31W35-W64W75-W99X10-X39X50-X59Y86),52,2.2,2151
Other,Other and unspecified nontransport accidents and their sequelae (W20-W31W35-W64W75-W99X10-X39X50-X59Y86),0,N/A,2154
Unknown,Other and unspecified nontransport accidents and their sequelae (W20-W31W35-W64W75-W99X10-X39X50-X59Y86),60,N/A,2157
Total,Other and unspecified nontransport accidents and their sequelae (W20-W31W35-W64W75-W99X10-X39X50-X59Y86),10530,5.3,2160
White,Intentional self-harm (suicide) by discharge of firearms (X72-X74),10322,6.6,2163
Black,Intentional self-harm (suicide) by discharge of firearms (X72-X74),836,3.7,2166
American Indian or Alaskan Native,Intentional self-harm (suicide) by discharge of firearms (X72-X74),8,N/A,2169
Asian or Pacific Islander,Intentional self-harm (suicide) by discharge of firearms (X72-X74),66,1.5,2172
Other,Intentional self-harm (suicide) by discharge of firearms (X72-X74),0,N/A,2175
Unknown,Intentional self-harm (suicide) by discharge of firearms (X72-X74),61,N/A,2178
Total,Intentional self-harm (suicide) by discharge of firearms (X72-X74),11293,6.2,2181
White,Intentional self-harm (suicide) by other and unspecified means and their sequelae (*U03X60-X71X75-X84Y87.0),9449,6.5,2184
Black,Intentional self-harm (suicide) by other and unspecified means and their sequelae (*U03X60-X71X75-X84Y87.0),737,3.2,2187
American Indian or Alaskan Native,Intentional self-harm (suicide) by other and unspecified means and their sequelae (*U03X60-X71X75-X84Y87.0),15,2.4,2190
Asian or Pacific Islander,Intentional self-harm (suicide) by other and unspecified means and their sequelae (*U03X60-X71X75-X84Y87.0),168,4.3,2193
Other,Intentional self-harm (suicide) by other and unspecified means and their sequelae (*U03X60-X71X75-X84Y87.0),0,N/A,2196
Unknown,Intentional self-harm (suicide) by other and unspecified means and their sequelae (*U03X60-X71X75-X84Y87.0),75,N/A,2199
Total,Intentional self-harm (suicide) by other and unspecified means and their sequelae (*U03X60-X71X75-X84Y87.0),10444,6.0,2202
White,Assault (homicide) by discharge of firearms (*U01.4X93-X95),1986,1.4,2205
Black,Assault (homicide) by discharge of firearms (*U01.4X93-X95),4798,20.2,2208
American Indian or Alaskan Native,Assault (homicide) by discharge of firearms (*U01.4X93-X95),11,1.8,2211
Asian or Pacific Islander,Assault (homicide) by discharge of firearms (*U01.4X93-X95),44,1.1,2214
Other,Assault (homicide) by discharge of firearms (*U01.4X93-X95),0,N/A,2217
Unknown,Assault (homicide) by discharge of firearms (*U01.4X93-X95),63,N/A,2220
Total,Assault (homicide) by discharge of firearms (*U01.4X93-X95),6902,4.2,2223
White,Assault (homicide) by other and unspecified means and their sequelae (*U01.0-*U01.3*U01.5-*U01.9*U02X85-X92X96-Y09Y87.1),1590,1.1,2226
Black,Assault (homicide) by other and unspecified means and their sequelae (*U01.0-*U01.3*U01.5-*U01.9*U02X85-X92X96-Y09Y87.1),937,4.0,2229
American Indian or Alaskan Native,Assault (homicide) by other and unspecified means and their sequelae (*U01.0-*U01.3*U01.5-*U01.9*U02X85-X92X96-Y09Y87.1),3,N/A,2232
Asian or Pacific Islander,Assault (homicide) by other and unspecified means and their sequelae (*U01.0-*U01.3*U01.5-*U01.9*U02X85-X92X96-Y09Y87.1),16,0.4,2235
Other,Assault (homicide) by other and unspecified means and their sequelae (*U01.0-*U01.3*U01.5-*U01.9*U02X85-X92X96-Y09Y87.1),0,N/A,2238
Unknown,Assault (homicide) by other and unspecified means and their sequelae (*U01.0-*U01.3*U01.5-*U01.9*U02X85-X92X96-Y09Y87.1),40,N/A,2241
Total,Assault (homicide) by other and unspecified means and their sequelae (*U01.0-*U01.3*U01.5-*U01.9*U02X85-X92X96-Y09Y87.1),2586,1.5,2244
White,Legal intervention (Y35Y89.0),131,0.1,2247
Black,Legal intervention (Y35Y89.0),83,0.4,2250
American Indian or Alaskan Native,Legal intervention (Y35Y89.0),1,N/A,2253
Asian or Pacific Islander,Legal intervention (Y35Y89.0),5,N/A,2256
Other,Legal intervention (Y35Y89.0),0,N/A,2259
Unknown,Legal intervention (Y35Y89.0),3,N/A,2262
Total,Legal intervention (Y35Y89.0),223,0.1,2265
White,Discharge of firearms undetermined intent (Y22-Y24),127,0.1,2268
Black,Discharge of firearms undetermined intent (Y22-Y24),36,0.2,2271
American Indian or Alaskan Native,Discharge of firearms undetermined intent (Y22-Y24),0,N/A,2274
Asian or Pacific Islander,Discharge of firearms undetermined intent (Y22-Y24),0,N/A,2277
Other,Discharge of firearms undetermined intent (Y22-Y24),0,N/A,2280
Unknown,Discharge of firearms undetermined intent (Y22-Y24),2,N/A,2283
Total,Discharge of firearms undetermined intent (Y22-Y24),165,0.1,2286
White,Other and unspecified events of undetermined intent and their sequelae (Y10-Y21Y25-Y34Y87.2Y89.9),1261,0.9,2289
Black,Other and unspecified events of undetermined intent and their sequelae (Y10-Y21Y25-Y34Y87.2Y89.9),227,1.0,2292
American Indian or Alaskan Native,Other and unspecified events of undetermined intent and their sequelae (Y10-Y21Y25-Y34Y87.2Y89.9),1,N/A,2295
Asian or Pacific Islander,Other and unspecified events of undetermined intent and their sequelae (Y10-Y21Y25-Y34Y87.2Y89.9),13,0.3,2298
Other,Other and unspecified events of undetermined intent and their sequelae (Y10-Y21Y25-Y34Y87.2Y89.9),0,N/A,2301
Unknown,Other and unspecified events of undetermined intent and their sequelae (Y10-Y21Y25-Y34Y87.2Y89.9),18,N/A,2304
Total,Other and unspecified events of undetermined intent and their sequelae (Y10-Y21Y25-Y34Y87.2Y89.9),1520,0.9,2307
White,Operations of war and their sequelae (Y36Y89.1),4,N/A,2310
Black,Operations of war and their sequelae (Y36Y89.1),1,N/A,2313
American Indian or Alaskan Native,Operations of war and their sequelae (Y36Y89.1),0,N/A,2316
Asian or Pacific Islander,Operations of war and their sequelae (Y36Y89.1),0,N/A,2319
Other,Operations of war and their sequelae (Y36Y89.1),0,N/A,2322
Unknown,Operations of war and their sequelae (Y36Y89.1),0,N/A,2325
Total,Operations of war and their sequelae (Y36Y89.1),5,N/A,2328
White,Complications of medical and surgical care (Y40-Y84Y88),1710,0.9,2331
Black,Complications of medical and surgical care (Y40-Y84Y88),314,1.5,2334
American Indian or Alaskan Native,Complications of medical and surgical care (Y40-Y84Y88),1,N/A,2337
Asian or Pacific Islander,Complications of medical and surgical care (Y40-Y84Y88),4,N/A,2340
Other,Complications of medical and surgical care (Y40-Y84Y88),0,N/A,2343
Unknown,Complications of medical and surgical care (Y40-Y84Y88),14,N/A,2346
Total,Complications of medical and surgical care (Y40-Y84Y88),2043,1.0,2349
White,Total,1442779,766.6,2352
Black,Total,184236,902.7,2355
American Indian or Alaskan Native,Total,1256,246.9,2358
Asian or Pacific Islander,Total,8161,350.9,2361
Other,Total,0,N/A,2364
Unknown,Total,5113,N/A,2367
Total,Total,1641545,778.4,2370
